Event,Team,Rank,Qual,Alliance #,Alliance Pick,Playoff Level,Awards
abca,frc2122,1,1,1,1,30,5
abca,frc359,2,4,1,2,30,0
abca,frc3250,3,2,2,1,20,5
abca,frc2130,4,5,2,2,20,5
abca,frc1622,5,3,3,1,10,10
abca,frc3216,6,10,3,2,10,5
abca,frc6679,7,6,4,1,10,0
abca,frc4733,8,32,1,3,30,0
abca,frc4334,9,15,4,2,10,0
abca,frc4775,10,8,5,2,0,8
abca,frc6106,11,21,3,3,10,10
abca,frc6188,12,7,5,1,0,0
abca,frc5630,13,33,2,3,20,0
abca,frc6351,14,17,4,3,10,0
abca,frc3011,15,9,6,1,0,0
abca,frc5787,16,11,7,1,0,0
abca,frc5015,17,18,6,2,0,0
abca,frc5078,18,12,8,1,0,0
abca,frc6364,19,26,8,2,0,5
abca,frc4627,20,31,7,2,0,5
abca,frc5725,21,16,8,3,0,0
abca,frc5118,22,13,5,3,0,0
abca,frc1482,23,19,7,3,0,0
abca,frc6841,24,14,6,0,0,5
abca,frc7277,25,22,-1,-1,0,8
abca,frc6435,26,23,-1,-1,0,5
abca,frc4010,27,24,-1,-1,0,5
abca,frc6701,28,30,6,3,0,0
abca,frc6979,29,20,-1,-1,0,0
abca,frc4604,30,25,-1,-1,0,0
abca,frc7246,31,34,-1,-1,0,5
abca,frc6041,32,28,-1,-1,0,0
abca,frc6178,33,27,-1,-1,0,0
abca,frc6700,34,29,-1,-1,0,0
abca,frc7205,35,35,-1,-1,0,0
alhu,frc2556,1,1,1,1,30,5
alhu,frc3792,2,3,1,2,30,0
alhu,frc3959,3,2,2,1,20,5
alhu,frc342,4,8,2,2,20,0
alhu,frc3844,5,13,1,3,30,5
alhu,frc4087,6,4,3,1,10,0
alhu,frc141,7,19,3,2,10,5
alhu,frc4451,8,5,4,1,10,0
alhu,frc4965,9,9,4,2,10,0
alhu,frc7072,10,36,2,3,20,5
alhu,frc1319,11,7,5,2,0,5
alhu,frc4533,12,6,5,1,0,5
alhu,frc6366,13,14,6,2,0,5
alhu,frc2468,14,15,6,3,0,10
alhu,frc5410,15,28,3,3,10,5
alhu,frc3593,16,16,7,2,0,5
alhu,frc5045,17,18,4,3,10,0
alhu,frc2815,18,10,6,1,0,0
alhu,frc4740,19,11,7,1,0,0
alhu,frc7026,20,12,8,1,0,0
alhu,frc34,21,26,8,2,0,5
alhu,frc1369,22,17,8,3,0,0
alhu,frc7111,23,21,-1,-1,0,8
alhu,frc6404,24,23,7,3,0,0
alhu,frc547,25,24,5,3,0,0
alhu,frc5721,26,30,-1,-1,0,5
alhu,frc4924,27,38,-1,-1,0,8
alhu,frc2973,28,20,-1,-1,0,0
alhu,frc3966,29,22,-1,-1,0,0
alhu,frc3139,30,25,-1,-1,0,0
alhu,frc4306,31,27,-1,-1,0,0
alhu,frc7065,32,29,-1,-1,0,0
alhu,frc3319,33,32,-1,-1,0,0
alhu,frc442,34,31,-1,-1,0,0
alhu,frc5858,35,34,-1,-1,0,0
alhu,frc6107,36,33,-1,-1,0,0
alhu,frc5058,37,35,-1,-1,0,0
alhu,frc6937,38,37,-1,-1,0,0
alhu,frc5616,39,39,-1,-1,0,0
alhu,frc538,40,40,-1,-1,0,0
alhu,frc3843,41,41,-1,-1,0,0
alhu,frc7313,42,42,-1,-1,0,0
alhu,frc5005,43,43,-1,-1,0,0
arli,frc3310,1,1,1,1,30,5
arli,frc16,2,2,1,2,30,5
arli,frc3937,3,3,2,1,20,8
arli,frc364,4,10,2,2,20,5
arli,frc4635,5,4,3,1,10,0
arli,frc3616,6,8,3,2,10,0
arli,frc6055,7,5,4,1,10,0
arli,frc323,8,9,4,2,10,0
arli,frc7123,9,44,1,3,30,0
arli,frc4400,10,43,5,2,0,15
arli,frc5006,11,11,6,2,0,5
arli,frc2992,12,6,5,1,0,0
arli,frc1764,13,14,7,2,0,5
arli,frc4576,14,45,2,3,20,0
arli,frc3337,15,20,4,3,10,0
arli,frc701,16,7,6,1,0,0
arli,frc6474,17,16,7,3,0,5
arli,frc5550,18,12,7,1,0,0
arli,frc5437,19,15,6,3,0,5
arli,frc6131,20,27,3,3,10,0
arli,frc3039,21,13,8,1,0,0
arli,frc2183,22,18,8,3,0,0
arli,frc1818,23,19,8,0,0,5
arli,frc6647,24,41,8,2,0,0
arli,frc7106,25,42,-1,-1,0,8
arli,frc4523,26,36,5,3,0,0
arli,frc5002,27,34,-1,-1,0,5
arli,frc4209,28,17,-1,-1,0,0
arli,frc3991,29,24,-1,-1,0,0
arli,frc4403,30,21,-1,-1,0,0
arli,frc5454,31,22,-1,-1,0,0
arli,frc6855,32,23,-1,-1,0,0
arli,frc2080,33,25,-1,-1,0,0
arli,frc5729,34,26,-1,-1,0,0
arli,frc6186,35,28,-1,-1,0,0
arli,frc1209,36,30,-1,-1,0,0
arli,frc2395,37,32,-1,-1,0,0
arli,frc5721,38,29,-1,-1,0,0
arli,frc6640,39,31,-1,-1,0,0
arli,frc7263,40,50,-1,-1,0,5
arli,frc5568,41,35,-1,-1,0,0
arli,frc6586,42,33,-1,-1,0,0
arli,frc1912,43,39,-1,-1,0,0
arli,frc34,44,38,-1,-1,0,0
arli,frc5178,45,40,-1,-1,0,0
arli,frc7260,46,37,-1,-1,0,0
arli,frc1700,47,53,-1,-1,0,5
arli,frc6492,48,46,-1,-1,0,0
arli,frc7066,49,47,-1,-1,0,0
arli,frc31,50,49,-1,-1,0,0
arli,frc3160,51,48,-1,-1,0,0
arli,frc4005,52,52,-1,-1,0,0
arli,frc6840,53,51,-1,-1,0,0
arli,frc2773,54,55,-1,-1,0,0
arli,frc7075,55,54,-1,-1,0,0
ausc,frc4253,1,1,1,1,30,5
ausc,frc4613,2,2,1,2,30,5
ausc,frc6508,3,8,6,1,20,5
ausc,frc6996,4,15,6,2,20,8
ausc,frc6579,5,3,2,1,10,5
ausc,frc5985,6,4,2,2,10,5
ausc,frc4802,7,17,1,3,30,5
ausc,frc3008,8,20,4,2,10,8
ausc,frc7074,9,6,4,1,10,0
ausc,frc6024,10,11,7,2,0,15
ausc,frc4774,11,26,6,3,20,5
ausc,frc6836,12,5,3,1,0,5
ausc,frc6191,13,18,4,3,10,5
ausc,frc7278,14,7,5,1,0,0
ausc,frc3132,15,23,3,2,0,5
ausc,frc4537,16,12,5,2,0,0
ausc,frc6998,17,9,7,1,0,0
ausc,frc6434,18,10,8,1,0,0
ausc,frc7130,19,29,2,3,10,5
ausc,frc5593,20,13,8,3,0,0
ausc,frc6083,21,16,8,2,0,0
ausc,frc5983,22,14,5,3,0,0
ausc,frc5331,23,21,7,3,0,0
ausc,frc7023,24,22,3,3,0,0
ausc,frc4739,25,19,-1,-1,0,0
ausc,frc6118,26,24,-1,-1,0,0
ausc,frc6520,27,25,-1,-1,0,0
ausc,frc6204,28,27,-1,-1,0,0
ausc,frc4817,29,28,-1,-1,0,0
ausc,frc6187,30,30,-1,-1,0,0
ausp,frc5663,1,5,2,2,30,8
ausp,frc5985,2,2,2,1,30,5
ausp,frc5584,3,1,1,1,20,10
ausp,frc4613,4,4,1,2,20,5
ausp,frc6510,5,7,3,2,10,10
ausp,frc6579,6,3,3,1,10,5
ausp,frc7128,7,35,2,3,30,5
ausp,frc5331,8,8,5,1,10,0
ausp,frc6813,9,6,4,1,0,8
ausp,frc6024,10,10,5,2,10,0
ausp,frc3132,11,9,4,2,0,5
ausp,frc6050,12,20,1,3,20,0
ausp,frc5648,13,23,5,3,10,5
ausp,frc4774,14,13,7,2,0,5
ausp,frc6434,15,12,7,1,0,5
ausp,frc6524,16,11,6,1,0,0
ausp,frc4729,17,19,6,2,0,0
ausp,frc6432,18,14,8,1,0,0
ausp,frc6083,19,18,8,3,0,0
ausp,frc4802,20,34,3,3,10,0
ausp,frc6509,21,28,8,2,0,0
ausp,frc5333,22,25,7,3,0,0
ausp,frc5988,23,22,4,3,0,0
ausp,frc6035,24,15,-1,-1,0,0
ausp,frc6063,25,16,-1,-1,0,0
ausp,frc6575,26,17,-1,-1,0,0
ausp,frc7113,27,30,-1,-1,0,5
ausp,frc6476,28,21,-1,-1,0,0
ausp,frc6449,29,26,-1,-1,0,0
ausp,frc6525,30,24,-1,-1,0,0
ausp,frc7124,31,37,-1,-1,0,5
ausp,frc6007,32,39,6,3,0,0
ausp,frc5564,33,29,-1,-1,0,0
ausp,frc6440,34,27,-1,-1,0,0
ausp,frc5876,35,31,-1,-1,0,0
ausp,frc4801,36,32,-1,-1,0,0
ausp,frc7163,37,33,-1,-1,0,0
ausp,frc4614,38,36,-1,-1,0,0
ausp,frc7050,39,38,-1,-1,0,0
azfl,frc254,1,1,1,1,30,5
azfl,frc842,2,4,1,2,30,5
azfl,frc2122,3,2,2,1,20,5
azfl,frc1011,4,5,2,2,20,0
azfl,frc2486,5,3,3,1,10,8
azfl,frc2478,6,6,4,1,10,5
azfl,frc987,7,12,3,2,10,5
azfl,frc2403,8,29,1,3,30,0
azfl,frc4565,9,18,4,2,10,0
azfl,frc8,10,8,6,1,0,5
azfl,frc4603,11,13,2,0,15,0
azfl,frc4183,12,7,5,1,0,0
azfl,frc1492,13,14,5,2,0,0
azfl,frc1836,14,9,7,1,0,0
azfl,frc4415,15,28,4,3,10,0
azfl,frc3853,16,11,7,2,0,0
azfl,frc6871,17,10,8,1,0,0
azfl,frc3501,18,15,8,2,0,0
azfl,frc6314,19,20,-1,-1,0,10
azfl,frc5059,20,40,3,3,10,0
azfl,frc668,21,17,7,3,0,0
azfl,frc6968,22,19,-1,-1,0,8
azfl,frc4146,23,41,6,2,0,0
azfl,frc3250,24,37,-1,-1,0,10
azfl,frc3309,25,26,6,3,0,0
azfl,frc2073,26,31,2,3,5,0
azfl,frc7059,27,27,-1,-1,0,5
azfl,frc6530,28,47,8,3,0,0
azfl,frc3019,29,34,-1,-1,0,5
azfl,frc2637,30,16,-1,-1,0,0
azfl,frc3187,31,39,-1,-1,0,5
azfl,frc2375,32,21,-1,-1,0,0
azfl,frc2840,33,22,-1,-1,0,0
azfl,frc6060,34,25,-1,-1,0,0
azfl,frc6518,35,23,-1,-1,0,0
azfl,frc6560,36,24,-1,-1,0,0
azfl,frc60,37,30,-1,-1,0,0
azfl,frc498,38,33,-1,-1,0,0
azfl,frc6585,39,32,-1,-1,0,0
azfl,frc991,40,35,-1,-1,0,0
azfl,frc1828,41,54,-1,-1,0,5
azfl,frc3577,42,38,-1,-1,0,0
azfl,frc3925,43,36,-1,-1,0,0
azfl,frc2135,44,42,-1,-1,0,0
azfl,frc7214,45,43,-1,-1,0,0
azfl,frc996,46,44,-1,-1,0,0
azfl,frc1138,47,48,-1,-1,0,0
azfl,frc1165,48,45,-1,-1,0,0
azfl,frc2437,49,46,-1,-1,0,0
azfl,frc6413,50,60,5,3,0,0
azfl,frc5539,51,50,-1,-1,0,0
azfl,frc6656,52,51,-1,-1,0,0
azfl,frc751,53,49,-1,-1,0,0
azfl,frc6127,54,53,-1,-1,0,0
azfl,frc6482,55,52,-1,-1,0,0
azfl,frc585,56,55,-1,-1,0,0
azfl,frc6931,57,56,-1,-1,0,0
azfl,frc3009,58,58,-1,-1,0,0
azfl,frc3785,59,57,-1,-1,0,0
azfl,frc4153,60,59,-1,-1,0,0
azpx,frc2478,1,2,1,2,30,10
azpx,frc2403,2,1,1,1,30,5
azpx,frc4146,3,3,2,1,20,5
azpx,frc3853,4,6,2,2,20,5
azpx,frc2840,5,19,1,3,30,0
azpx,frc1492,6,4,3,1,10,0
azpx,frc6352,7,7,3,2,10,0
azpx,frc2449,8,8,5,1,10,0
azpx,frc498,9,28,5,2,10,5
azpx,frc1726,10,5,4,1,0,5
azpx,frc3019,11,35,2,3,20,5
azpx,frc6413,12,10,7,1,0,8
azpx,frc6314,13,26,5,3,10,5
azpx,frc5613,14,11,8,1,0,5
azpx,frc991,15,9,6,1,0,0
azpx,frc6833,16,34,3,3,10,5
azpx,frc6479,17,12,6,2,0,0
azpx,frc3187,18,17,8,3,0,5
azpx,frc2647,19,14,7,3,0,5
azpx,frc4565,20,16,7,2,0,0
azpx,frc2662,21,15,8,2,0,0
azpx,frc7214,22,30,4,2,0,0
azpx,frc6871,23,18,-1,-1,0,8
azpx,frc1212,24,13,-1,-1,0,5
azpx,frc2375,25,24,6,3,0,0
azpx,frc4496,26,21,-1,-1,0,0
azpx,frc698,27,20,-1,-1,0,0
azpx,frc4111,28,23,-1,-1,0,0
azpx,frc6683,29,25,-1,-1,0,0
azpx,frc6922,30,22,-1,-1,0,0
azpx,frc6674,31,27,-1,-1,0,0
azpx,frc3944,32,40,4,3,0,0
azpx,frc1633,33,31,-1,-1,0,0
azpx,frc5200,34,29,-1,-1,0,0
azpx,frc1165,35,32,-1,-1,0,0
azpx,frc5465,36,33,-1,-1,0,0
azpx,frc3133,37,36,-1,-1,0,0
azpx,frc1290,38,37,-1,-1,0,0
azpx,frc7017,39,38,-1,-1,0,0
azpx,frc6748,40,39,-1,-1,0,0
azpx,frc2844,41,41,-1,-1,0,0
azpx,frc6372,42,42,-1,-1,0,0
bcvi,frc1241,1,1,1,1,30,5
bcvi,frc6390,2,6,1,2,30,8
bcvi,frc4627,3,2,2,1,20,5
bcvi,frc7190,4,9,2,2,20,5
bcvi,frc6406,5,3,3,1,10,5
bcvi,frc4334,6,4,4,1,10,5
bcvi,frc1868,7,14,4,2,10,10
bcvi,frc7173,8,19,1,3,30,0
bcvi,frc2643,9,15,3,2,10,5
bcvi,frc7169,10,7,6,1,0,5
bcvi,frc5078,11,21,2,3,20,0
bcvi,frc7287,12,10,8,1,0,8
bcvi,frc6403,13,8,7,1,0,5
bcvi,frc7167,14,17,3,3,10,5
bcvi,frc6351,15,5,5,1,0,0
bcvi,frc5787,16,11,5,2,0,0
bcvi,frc6364,17,22,6,2,0,5
bcvi,frc5118,18,20,4,3,10,0
bcvi,frc6485,19,18,8,2,0,0
bcvi,frc7158,20,13,7,3,0,0
bcvi,frc3985,21,27,8,3,0,5
bcvi,frc6458,22,12,6,3,0,0
bcvi,frc6408,23,25,7,2,0,0
bcvi,frc7262,24,16,-1,-1,0,5
bcvi,frc7135,25,26,5,3,0,0
bcvi,frc1482,26,23,-1,-1,0,0
bcvi,frc7189,27,24,-1,-1,0,0
bcvi,frc6563,28,28,-1,-1,0,0
bcvi,frc7170,29,29,-1,-1,0,0
bcvi,frc4625,30,30,-1,-1,0,0
caav,frc3309,1,1,1,1,30,10
caav,frc330,2,2,1,2,30,5
caav,frc399,3,6,3,2,20,10
caav,frc294,4,4,3,1,20,5
caav,frc5012,5,3,2,1,10,5
caav,frc3476,6,5,2,2,10,5
caav,frc2658,7,16,1,3,30,0
caav,frc4276,8,9,5,2,10,5
caav,frc5102,9,8,5,1,10,0
caav,frc3390,10,32,3,3,20,5
caav,frc4322,11,25,5,3,10,5
caav,frc597,12,7,4,1,0,0
caav,frc3647,13,15,4,2,0,0
caav,frc4470,14,10,6,1,0,0
caav,frc1160,15,11,7,1,0,0
caav,frc2637,16,14,7,2,0,0
caav,frc6382,17,12,8,1,0,0
caav,frc599,18,19,6,2,0,0
caav,frc2493,19,17,8,2,0,0
caav,frc6072,20,13,6,3,0,0
caav,frc5474,21,33,2,3,10,0
caav,frc2429,22,26,-1,-1,0,8
caav,frc4014,23,28,8,3,0,0
caav,frc5805,24,27,7,3,0,0
caav,frc702,25,21,-1,-1,0,5
caav,frc5124,26,22,4,3,0,0
caav,frc4255,27,18,-1,-1,0,0
caav,frc981,28,20,-1,-1,0,0
caav,frc3669,29,24,-1,-1,0,0
caav,frc6060,30,23,-1,-1,0,0
caav,frc4191,31,34,-1,-1,0,5
caav,frc2339,32,29,-1,-1,0,0
caav,frc585,33,30,-1,-1,0,0
caav,frc980,34,31,-1,-1,0,0
caav,frc3453,35,35,-1,-1,0,0
caav,frc5869,36,36,-1,-1,0,0
cada,frc1678,1,1,1,1,30,10
cada,frc1323,2,2,1,2,30,5
cada,frc3250,3,3,2,1,10,10
cada,frc6474,4,18,3,2,20,5
cada,frc1072,5,4,3,1,20,0
cada,frc1671,6,13,2,2,10,5
cada,frc3970,7,34,1,3,30,0
cada,frc5496,8,6,5,1,10,0
cada,frc2141,9,23,5,2,10,0
cada,frc5940,10,5,4,1,0,0
cada,frc6918,11,38,5,3,10,5
cada,frc5507,12,7,6,1,0,0
cada,frc3880,13,59,3,3,20,0
cada,frc383,14,8,7,1,0,0
cada,frc5817,15,12,6,2,0,0
cada,frc4135,16,9,7,2,0,0
cada,frc1458,17,10,8,1,0,0
cada,frc3256,18,16,6,3,0,5
cada,frc199,19,35,8,2,0,5
cada,frc295,20,11,7,3,0,0
cada,frc1662,21,48,4,2,0,0
cada,frc2367,22,44,2,3,10,0
cada,frc3482,23,27,8,3,0,0
cada,frc701,24,30,-1,-1,0,8
cada,frc3598,25,21,-1,-1,0,5
cada,frc5480,26,24,-1,-1,0,5
cada,frc2144,27,25,4,3,0,0
cada,frc6619,28,33,-1,-1,0,5
cada,frc2204,29,14,-1,-1,0,0
cada,frc2035,30,17,-1,-1,0,0
cada,frc5728,31,15,-1,-1,0,0
cada,frc2551,32,42,-1,-1,0,5
cada,frc3501,33,20,-1,-1,0,0
cada,frc3859,34,19,-1,-1,0,0
cada,frc6174,35,22,-1,-1,0,0
cada,frc6822,36,58,-1,-1,0,8
cada,frc1280,37,26,-1,-1,0,0
cada,frc7229,38,28,-1,-1,0,0
cada,frc4643,39,32,-1,-1,0,0
cada,frc4698,40,31,-1,-1,0,0
cada,frc6612,41,29,-1,-1,0,0
cada,frc1351,42,37,-1,-1,0,0
cada,frc692,43,36,-1,-1,0,0
cada,frc3615,44,43,-1,-1,0,0
cada,frc5274,45,39,-1,-1,0,0
cada,frc6644,46,41,-1,-1,0,0
cada,frc981,47,40,-1,-1,0,0
cada,frc3013,48,47,-1,-1,0,0
cada,frc3669,49,46,-1,-1,0,0
cada,frc4171,50,45,-1,-1,0,0
cada,frc5458,51,52,-1,-1,0,0
cada,frc6039,52,51,-1,-1,0,0
cada,frc7057,53,49,-1,-1,0,0
cada,frc852,54,50,-1,-1,0,0
cada,frc2085,55,55,-1,-1,0,0
cada,frc6059,56,54,-1,-1,0,0
cada,frc6238,57,53,-1,-1,0,0
cada,frc2073,58,56,-1,-1,0,0
cada,frc5250,59,57,-1,-1,0,0
cada,frc100,60,60,-1,-1,0,0
cada,frc6305,61,61,-1,-1,0,0
cada,frc3189,62,63,-1,-1,0,0
cada,frc3257,63,62,-1,-1,0,0
cada,frc7308,64,64,-1,-1,0,0
cada,frc3303,65,65,-1,-1,0,0
cafr,frc1678,1,1,1,1,30,5
cafr,frc1323,2,2,1,2,30,5
cafr,frc1538,3,3,2,1,20,5
cafr,frc1197,4,4,2,2,20,0
cafr,frc4698,5,20,1,3,30,0
cafr,frc5817,6,27,4,2,10,8
cafr,frc5026,7,10,6,2,10,5
cafr,frc649,8,6,4,1,10,0
cafr,frc3970,9,8,6,1,10,0
cafr,frc5104,10,24,2,3,20,0
cafr,frc4201,11,15,7,2,0,10
cafr,frc6305,12,12,8,1,0,10
cafr,frc1671,13,19,4,3,10,5
cafr,frc696,14,5,3,1,0,0
cafr,frc5458,15,9,3,2,0,0
cafr,frc5700,16,11,7,1,0,5
cafr,frc1388,17,7,5,1,0,0
cafr,frc3495,18,23,5,2,0,5
cafr,frc2085,19,18,8,3,0,5
cafr,frc2854,20,36,6,3,10,0
cafr,frc1662,21,16,8,2,0,0
cafr,frc2643,22,21,7,3,0,0
cafr,frc7057,23,31,-1,-1,0,8
cafr,frc3303,24,22,5,3,0,0
cafr,frc3189,25,28,-1,-1,0,5
cafr,frc2813,26,13,-1,-1,0,0
cafr,frc6804,27,30,-1,-1,0,5
cafr,frc5419,28,14,-1,-1,0,0
cafr,frc6657,29,17,-1,-1,0,0
cafr,frc972,30,34,3,3,0,0
cafr,frc2443,31,26,-1,-1,0,0
cafr,frc4160,32,25,-1,-1,0,0
cafr,frc3859,33,29,-1,-1,0,0
cafr,frc299,34,32,-1,-1,0,0
cafr,frc3045,35,35,-1,-1,0,0
cafr,frc6506,36,33,-1,-1,0,0
cafr,frc5134,37,37,-1,-1,0,0
cafr,frc5274,38,38,-1,-1,0,0
cafr,frc6926,39,40,-1,-1,0,0
cafr,frc766,40,39,-1,-1,0,0
cafr,frc6699,41,41,-1,-1,0,0
cafr,frc692,42,42,-1,-1,0,0
cafr,frc1422,43,44,-1,-1,0,0
cafr,frc295,44,43,-1,-1,0,0
cafr,frc5852,45,45,-1,-1,0,0
cafr,frc7096,46,46,-1,-1,0,0
cafr,frc6711,47,47,-1,-1,0,0
cair,frc3309,1,1,1,1,20,10
cair,frc5805,2,4,3,1,30,0
cair,frc3476,3,2,1,2,20,5
cair,frc3473,4,12,3,2,30,0
cair,frc1515,5,3,2,1,10,13
cair,frc812,6,11,3,3,30,5
cair,frc5802,7,5,4,1,10,5
cair,frc1836,8,9,4,2,10,5
cair,frc5810,9,15,2,2,10,0
cair,frc6955,10,26,1,3,20,5
cair,frc294,11,6,5,1,0,5
cair,frc7157,12,28,4,3,10,8
cair,frc4415,13,14,5,2,0,5
cair,frc4322,14,7,6,1,0,0
cair,frc2496,15,8,7,1,0,0
cair,frc207,16,13,7,3,0,5
cair,frc4999,17,37,6,2,0,5
cair,frc5477,18,10,8,1,0,0
cair,frc6072,19,31,2,3,10,0
cair,frc4079,20,21,7,2,0,0
cair,frc5137,21,23,8,2,0,0
cair,frc5209,22,24,8,3,0,0
cair,frc4276,23,20,5,3,0,0
cair,frc5857,24,33,6,3,0,0
cair,frc1159,25,18,-1,-1,0,0
cair,frc4619,26,19,-1,-1,0,0
cair,frc7230,27,17,-1,-1,0,0
cair,frc7322,28,16,-1,-1,0,0
cair,frc5835,29,22,-1,-1,0,0
cair,frc6535,30,25,-1,-1,0,0
cair,frc5512,31,43,-1,-1,0,5
cair,frc3491,32,29,-1,-1,0,0
cair,frc5966,33,27,-1,-1,0,0
cair,frc6499,34,30,-1,-1,0,0
cair,frc4141,35,32,-1,-1,0,0
cair,frc6904,36,34,-1,-1,0,0
cair,frc3470,37,38,-1,-1,0,0
cair,frc3759,38,35,-1,-1,0,0
cair,frc6220,39,36,-1,-1,0,0
cair,frc5500,40,40,-1,-1,0,0
cair,frc5877,41,41,-1,-1,0,0
cair,frc7025,42,39,-1,-1,0,0
cair,frc6554,43,52,-1,-1,0,5
cair,frc4056,44,42,-1,-1,0,0
cair,frc6692,45,44,-1,-1,0,0
cair,frc4114,46,46,-1,-1,0,0
cair,frc5634,47,45,-1,-1,0,0
cair,frc7042,48,47,-1,-1,0,0
cair,frc299,49,49,-1,-1,0,0
cair,frc4161,50,48,-1,-1,0,0
cair,frc6960,51,50,-1,-1,0,0
cair,frc3295,52,51,-1,-1,0,0
capo,frc330,1,7,1,2,30,5
capo,frc5802,2,1,1,1,30,0
capo,frc968,3,13,3,2,20,8
capo,frc5818,4,4,3,1,20,0
capo,frc3512,5,2,2,1,10,5
capo,frc980,6,18,3,3,20,10
capo,frc2584,7,16,1,3,30,0
capo,frc687,8,3,2,2,10,0
capo,frc1726,9,9,5,2,10,5
capo,frc5124,10,6,5,1,10,0
capo,frc6833,11,15,7,2,0,8
capo,frc1197,12,5,4,1,0,0
capo,frc1452,13,22,2,3,10,5
capo,frc4972,14,12,4,2,0,0
capo,frc7051,15,8,6,1,0,0
capo,frc4,16,44,5,3,10,5
capo,frc5285,17,10,7,1,0,0
capo,frc4019,18,11,8,1,0,0
capo,frc599,19,21,6,2,0,0
capo,frc2710,20,14,8,2,0,0
capo,frc580,21,17,8,3,0,0
capo,frc1515,22,32,6,3,0,5
capo,frc696,23,25,4,3,0,5
capo,frc589,24,20,-1,-1,0,5
capo,frc7042,25,23,-1,-1,0,5
capo,frc3863,26,36,7,3,0,0
capo,frc5851,27,27,-1,-1,0,5
capo,frc702,28,31,-1,-1,0,5
capo,frc2404,29,19,-1,-1,0,0
capo,frc4141,30,24,-1,-1,0,0
capo,frc6668,31,26,-1,-1,0,0
capo,frc3408,32,30,-1,-1,0,0
capo,frc4913,33,29,-1,-1,0,0
capo,frc691,34,28,-1,-1,0,0
capo,frc2493,35,48,-1,-1,0,5
capo,frc4123,36,33,-1,-1,0,0
capo,frc5669,37,35,-1,-1,0,0
capo,frc5765,38,34,-1,-1,0,0
capo,frc1759,39,39,-1,-1,0,0
capo,frc3952,40,37,-1,-1,0,0
capo,frc5089,41,38,-1,-1,0,0
capo,frc6915,42,40,-1,-1,0,0
capo,frc4763,43,41,-1,-1,0,0
capo,frc6000,44,42,-1,-1,0,0
capo,frc848,45,43,-1,-1,0,0
capo,frc6658,46,46,-1,-1,0,0
capo,frc7185,47,45,-1,-1,0,0
capo,frc5510,48,47,-1,-1,0,0
capo,frc606,49,49,-1,-1,0,0
capo,frc4964,50,50,-1,-1,0,0
capo,frc6938,51,51,-1,-1,0,0
capo,frc5107,52,52,-1,-1,0,0
capo,frc2496,53,53,-1,-1,0,0
capo,frc867,54,54,-1,-1,0,0
casd,frc2659,1,1,1,1,30,5
casd,frc1538,2,7,1,2,30,5
casd,frc3128,3,6,6,1,20,5
casd,frc597,4,26,1,3,30,5
casd,frc2102,5,37,6,2,20,5
casd,frc624,6,12,5,2,10,5
casd,frc1572,7,8,7,1,10,5
casd,frc3255,8,5,5,1,10,0
casd,frc2485,9,10,3,2,0,10
casd,frc3882,10,45,6,3,20,5
casd,frc2984,11,13,7,2,10,0
casd,frc3256,12,21,7,3,10,5
casd,frc2839,13,2,2,1,0,0
casd,frc4984,14,3,3,1,0,0
casd,frc2658,15,9,2,2,0,0
casd,frc3749,16,4,4,1,0,0
casd,frc5429,17,16,5,3,10,0
casd,frc3647,18,11,4,2,0,0
casd,frc1622,19,24,3,3,0,13
casd,frc4201,20,14,8,1,0,0
casd,frc5012,21,20,8,2,0,0
casd,frc4486,22,18,4,3,0,0
casd,frc2543,23,40,8,3,0,0
casd,frc6885,24,48,-1,-1,0,8
casd,frc3021,25,25,2,3,0,0
casd,frc3341,26,19,-1,-1,0,0
casd,frc3473,27,15,-1,-1,0,0
casd,frc3953,28,17,-1,-1,0,0
casd,frc6920,29,43,-1,-1,0,5
casd,frc6659,30,22,-1,-1,0,0
casd,frc6695,31,23,-1,-1,0,0
casd,frc1972,32,27,-1,-1,0,0
casd,frc3965,33,28,-1,-1,0,0
casd,frc1280,34,31,-1,-1,0,0
casd,frc2613,35,29,-1,-1,0,0
casd,frc2827,36,30,-1,-1,0,0
casd,frc4160,37,32,-1,-1,0,0
casd,frc4919,38,33,-1,-1,0,0
casd,frc3328,39,34,-1,-1,0,0
casd,frc4014,40,38,-1,-1,0,0
casd,frc4616,41,35,-1,-1,0,0
casd,frc6755,42,36,-1,-1,0,0
casd,frc6995,43,39,-1,-1,0,0
casd,frc4139,44,42,-1,-1,0,0
casd,frc6382,45,44,-1,-1,0,0
casd,frc6515,46,41,-1,-1,0,0
casd,frc5627,47,60,-1,-1,0,5
casd,frc4270,48,46,-1,-1,0,0
casd,frc5477,49,47,-1,-1,0,0
casd,frc1661,50,50,-1,-1,0,0
casd,frc3045,51,49,-1,-1,0,0
casd,frc5137,52,51,-1,-1,0,0
casd,frc5199,53,52,-1,-1,0,0
casd,frc5209,54,53,-1,-1,0,0
casd,frc2576,55,54,-1,-1,0,0
casd,frc4711,56,56,-1,-1,0,0
casd,frc4738,57,55,-1,-1,0,0
casd,frc1266,58,59,-1,-1,0,0
casd,frc5025,59,57,-1,-1,0,0
casd,frc6821,60,58,-1,-1,0,0
casd,frc5474,61,61,-1,-1,0,0
casd,frc812,62,62,-1,-1,0,0
casd,frc5514,63,63,-1,-1,0,0
casd,frc7249,64,64,-1,-1,0,0
casd,frc3704,65,65,-1,-1,0,0
casd,frc4583,66,66,-1,-1,0,0
casf,frc973,1,1,1,1,30,5
casf,frc971,2,4,1,2,30,0
casf,frc604,3,2,2,1,20,10
casf,frc2383,4,11,2,2,20,5
casf,frc5026,5,3,3,1,10,5
casf,frc649,6,6,3,2,10,5
casf,frc5499,7,5,4,1,10,5
casf,frc199,8,12,4,2,10,5
casf,frc972,9,30,1,3,30,0
casf,frc3880,10,10,8,1,0,10
casf,frc100,11,28,2,3,20,0
casf,frc2489,12,7,5,1,0,0
casf,frc6036,13,17,4,3,10,0
casf,frc5507,14,13,3,3,10,0
casf,frc6418,15,8,6,1,0,0
casf,frc4159,16,9,7,1,0,0
casf,frc2854,17,34,7,2,0,8
casf,frc5940,18,18,5,2,0,0
casf,frc2551,19,22,6,2,0,0
casf,frc5700,20,20,5,3,0,5
casf,frc4904,21,19,8,3,0,0
casf,frc5104,22,14,7,3,0,0
casf,frc5924,23,27,8,2,0,0
casf,frc6415,24,23,6,3,0,0
casf,frc7137,25,31,-1,-1,0,8
casf,frc5993,26,24,-1,-1,0,5
casf,frc5419,27,15,-1,-1,0,0
casf,frc6718,28,16,-1,-1,0,0
casf,frc4973,29,21,-1,-1,0,0
casf,frc253,30,36,-1,-1,0,5
casf,frc6814,31,35,-1,-1,0,5
casf,frc4765,32,25,-1,-1,0,0
casf,frc581,33,29,-1,-1,0,0
casf,frc6962,34,26,-1,-1,0,0
casf,frc6662,35,32,-1,-1,0,0
casf,frc7317,36,33,-1,-1,0,0
casf,frc4186,37,37,-1,-1,0,0
casf,frc6665,38,39,-1,-1,0,0
casf,frc6981,39,38,-1,-1,0,0
casf,frc5430,40,40,-1,-1,0,0
casf,frc1458,41,42,-1,-1,0,0
casf,frc766,42,41,-1,-1,0,0
casf,frc4669,43,43,-1,-1,0,0
casj,frc254,1,1,1,1,30,5
casj,frc971,2,2,2,1,20,5
casj,frc973,3,20,1,2,30,0
casj,frc846,4,9,2,2,20,5
casj,frc6418,5,3,3,1,10,0
casj,frc604,6,15,5,2,10,5
casj,frc5499,7,5,5,1,10,0
casj,frc2367,8,43,1,3,30,0
casj,frc8,9,17,3,2,10,0
casj,frc4159,10,25,2,3,20,0
casj,frc383,11,4,4,1,0,0
casj,frc668,12,11,8,2,0,5
casj,frc2135,13,13,3,3,10,0
casj,frc4990,14,6,6,1,0,0
casj,frc670,15,7,7,1,0,0
casj,frc1072,16,18,4,2,0,0
casj,frc5924,17,10,7,2,0,0
casj,frc1868,18,33,5,3,10,0
casj,frc4904,19,8,8,1,0,0
casj,frc3132,20,39,8,3,0,8
casj,frc4091,21,12,-1,-1,0,10
casj,frc192,22,35,4,3,0,10
casj,frc6883,23,23,6,3,0,5
casj,frc3482,24,29,6,2,0,0
casj,frc2144,25,16,7,3,0,0
casj,frc2035,26,19,-1,-1,0,5
casj,frc6238,27,27,-1,-1,0,5
casj,frc4669,28,14,-1,-1,0,0
casj,frc5737,29,21,-1,-1,0,0
casj,frc2643,30,26,-1,-1,0,0
casj,frc6036,31,24,-1,-1,0,0
casj,frc751,32,22,-1,-1,0,0
casj,frc2473,33,45,-1,-1,0,5
casj,frc6303,34,47,-1,-1,0,5
casj,frc4255,35,28,-1,-1,0,0
casj,frc852,36,30,-1,-1,0,0
casj,frc1967,37,32,-1,-1,0,0
casj,frc4973,38,31,-1,-1,0,0
casj,frc7245,39,34,-1,-1,0,0
casj,frc6814,40,59,-1,-1,0,8
casj,frc1700,41,37,-1,-1,0,0
casj,frc2489,42,40,-1,-1,0,0
casj,frc4186,43,36,-1,-1,0,0
casj,frc7317,44,38,-1,-1,0,0
casj,frc4171,45,41,-1,-1,0,0
casj,frc6039,46,44,-1,-1,0,0
casj,frc6410,47,42,-1,-1,0,0
casj,frc1351,48,48,-1,-1,0,0
casj,frc253,49,46,-1,-1,0,0
casj,frc2813,50,50,-1,-1,0,0
casj,frc5171,51,49,-1,-1,0,0
casj,frc581,52,51,-1,-1,0,0
casj,frc5027,53,54,-1,-1,0,0
casj,frc6619,54,52,-1,-1,0,0
casj,frc6665,55,53,-1,-1,0,0
casj,frc7308,56,56,-1,-1,0,0
casj,frc841,57,55,-1,-1,0,0
casj,frc256,58,57,-1,-1,0,0
casj,frc6884,59,58,-1,-1,0,0
casj,frc6688,60,60,-1,-1,0,0
cave,frc3512,1,2,2,1,30,5
cave,frc5818,2,7,2,2,30,5
cave,frc5199,3,1,1,1,20,5
cave,frc968,4,4,1,2,20,5
cave,frc2486,5,5,4,1,0,15
cave,frc1266,6,8,3,2,10,5
cave,frc3328,7,6,5,1,10,5
cave,frc5515,8,22,2,3,30,0
cave,frc1572,9,3,3,1,10,0
cave,frc3863,10,12,5,2,10,0
cave,frc1138,11,25,5,3,10,5
cave,frc4711,12,10,7,1,0,5
cave,frc580,13,34,1,3,20,0
cave,frc6934,14,9,6,1,0,0
cave,frc3925,15,17,4,2,0,0
cave,frc6417,16,15,7,3,0,5
cave,frc7327,17,19,6,3,0,8
cave,frc6706,18,18,6,2,0,0
cave,frc5669,19,11,8,1,0,0
cave,frc691,20,13,8,2,0,0
cave,frc6668,21,14,8,3,0,0
cave,frc4078,22,23,3,3,5,0
cave,frc114,23,16,3,0,5,0
cave,frc4913,24,33,7,2,0,0
cave,frc589,25,26,-1,-1,0,5
cave,frc6560,26,30,4,3,0,0
cave,frc4501,27,39,-1,-1,0,8
cave,frc3120,28,21,-1,-1,0,0
cave,frc4578,29,20,-1,-1,0,0
cave,frc6967,30,35,-1,-1,0,5
cave,frc5136,31,24,-1,-1,0,0
cave,frc3851,32,28,-1,-1,0,0
cave,frc6398,33,27,-1,-1,0,0
cave,frc5678,34,29,-1,-1,0,0
cave,frc7326,35,31,-1,-1,0,0
cave,frc6430,36,32,-1,-1,0,0
cave,frc5102,37,36,-1,-1,0,0
cave,frc6553,38,38,-1,-1,0,0
cave,frc6764,39,37,-1,-1,0,0
cave,frc7324,40,40,-1,-1,0,0
cave,frc7323,41,41,-1,-1,0,0
cave,frc3993,42,42,-1,-1,0,0
code,frc118,1,3,2,1,30,5
code,frc3005,2,17,2,2,30,5
code,frc1619,3,1,1,1,20,5
code,frc148,4,2,1,2,20,5
code,frc4293,5,30,2,3,30,0
code,frc1339,6,7,6,1,10,5
code,frc1011,7,8,3,2,0,10
code,frc4550,8,6,5,1,10,0
code,frc4388,9,10,4,2,0,10
code,frc5414,10,24,1,3,20,5
code,frc159,11,11,5,2,10,0
code,frc2996,12,4,3,1,0,5
code,frc2848,13,14,6,2,10,0
code,frc1730,14,9,7,1,0,5
code,frc1245,15,5,4,1,0,0
code,frc4499,16,16,6,3,10,0
code,frc3374,17,13,5,3,10,0
code,frc4944,18,15,7,2,0,0
code,frc1410,19,12,8,1,0,0
code,frc2240,20,19,8,2,0,0
code,frc5763,21,20,8,3,0,0
code,frc7243,22,31,-1,-1,0,8
code,frc4593,23,21,3,3,0,0
code,frc4153,24,18,4,0,0,0
code,frc5899,25,22,-1,-1,0,0
code,frc6459,26,48,-1,-1,0,8
code,frc698,27,41,4,3,0,0
code,frc1157,28,26,-1,-1,0,0
code,frc3807,29,23,-1,-1,0,0
code,frc5493,30,25,-1,-1,0,0
code,frc1584,31,29,-1,-1,0,0
code,frc3200,32,27,-1,-1,0,0
code,frc3288,33,28,-1,-1,0,0
code,frc2036,34,46,-1,-1,0,5
code,frc4068,35,52,7,3,0,0
code,frc1332,36,34,-1,-1,0,0
code,frc4386,37,33,-1,-1,0,0
code,frc5126,38,32,-1,-1,0,0
code,frc1799,39,37,-1,-1,0,0
code,frc2261,40,35,-1,-1,0,0
code,frc2945,41,38,-1,-1,0,0
code,frc3729,42,36,-1,-1,0,0
code,frc1303,43,39,-1,-1,0,0
code,frc5657,44,40,-1,-1,0,0
code,frc1583,45,43,-1,-1,0,0
code,frc4641,46,42,-1,-1,0,0
code,frc662,47,44,-1,-1,0,0
code,frc1977,48,45,-1,-1,0,0
code,frc2259,49,47,-1,-1,0,0
code,frc2083,50,49,-1,-1,0,0
code,frc3648,51,50,-1,-1,0,0
code,frc4418,52,51,-1,-1,0,0
flor,frc179,1,2,2,1,30,5
flor,frc4481,2,26,2,2,30,5
flor,frc59,3,1,1,1,20,5
flor,frc180,4,16,1,2,20,10
flor,frc1902,5,5,5,1,10,10
flor,frc744,6,17,3,2,10,8
flor,frc1065,7,3,3,1,10,0
flor,frc3653,8,43,2,3,30,0
flor,frc5145,9,14,1,3,20,0
flor,frc5842,10,21,5,2,10,0
flor,frc386,11,8,4,2,0,5
flor,frc21,12,4,4,1,0,0
flor,frc456,13,13,6,2,0,5
flor,frc3242,14,9,7,2,0,5
flor,frc1421,15,22,5,3,10,0
flor,frc86,16,6,6,1,0,0
flor,frc233,17,15,3,3,10,0
flor,frc4592,18,7,7,1,0,0
flor,frc1523,19,10,8,1,0,0
flor,frc801,20,12,8,2,0,0
flor,frc3932,21,11,8,3,0,0
flor,frc3556,22,18,6,3,0,0
flor,frc7193,23,33,-1,-1,0,8
flor,frc4118,24,32,-1,-1,0,5
flor,frc79,25,28,-1,-1,0,5
flor,frc5753,26,54,7,3,0,0
flor,frc1557,27,19,8,0,0,0
flor,frc2797,28,20,-1,-1,0,0
flor,frc6527,29,23,-1,-1,0,0
flor,frc5816,30,45,-1,-1,0,5
flor,frc1592,31,27,-1,-1,0,0
flor,frc1744,32,25,-1,-1,0,0
flor,frc4769,33,24,-1,-1,0,0
flor,frc1251,34,29,-1,-1,0,0
flor,frc4064,35,30,-1,-1,0,0
flor,frc5196,36,31,-1,-1,0,0
flor,frc945,37,52,4,3,0,0
flor,frc2425,38,34,-1,-1,0,0
flor,frc3627,39,37,-1,-1,0,0
flor,frc4562,40,36,-1,-1,0,0
flor,frc6322,41,35,-1,-1,0,0
flor,frc6473,42,38,-1,-1,0,0
flor,frc2556,43,39,-1,-1,0,0
flor,frc4024,44,40,-1,-1,0,0
flor,frc4471,45,42,-1,-1,0,0
flor,frc6743,46,41,-1,-1,0,0
flor,frc7194,47,59,-1,-1,0,5
flor,frc5276,48,46,-1,-1,0,0
flor,frc6145,49,47,-1,-1,0,0
flor,frc6404,50,44,-1,-1,0,0
flor,frc2916,51,50,-1,-1,0,0
flor,frc3164,52,51,-1,-1,0,0
flor,frc4622,53,49,-1,-1,0,0
flor,frc6850,54,48,-1,-1,0,0
flor,frc1872,55,55,-1,-1,0,0
flor,frc6184,56,53,-1,-1,0,0
flor,frc108,57,56,-1,-1,0,0
flor,frc5412,58,57,-1,-1,0,0
flor,frc6722,59,58,-1,-1,0,0
flor,frc5283,60,60,-1,-1,0,0
flor,frc4065,61,61,-1,-1,0,0
flor,frc5722,62,62,-1,-1,0,0
flor,frc5557,63,63,-1,-1,0,0
flor,frc1649,64,64,-1,-1,0,0
flwp,frc179,1,1,1,1,30,0
flwp,frc180,2,17,1,2,30,5
flwp,frc1744,3,6,6,1,20,5
flwp,frc2383,4,20,6,2,20,0
flwp,frc5472,5,5,5,1,10,5
flwp,frc1369,6,28,1,3,30,0
flwp,frc1251,7,7,7,1,10,5
flwp,frc3164,8,15,6,3,20,0
flwp,frc3410,9,2,2,1,0,5
flwp,frc1902,10,18,7,2,10,5
flwp,frc5842,11,14,5,2,10,0
flwp,frc1477,12,34,7,3,10,10
flwp,frc59,13,9,2,2,0,5
flwp,frc4533,14,3,3,1,0,0
flwp,frc386,15,11,4,2,0,5
flwp,frc744,16,4,4,1,0,0
flwp,frc1876,17,10,3,2,0,0
flwp,frc108,18,19,5,3,10,0
flwp,frc7193,19,8,8,1,0,0
flwp,frc1065,20,16,8,2,0,0
flwp,frc1523,21,23,8,3,0,0
flwp,frc2152,22,31,2,3,0,8
flwp,frc3242,23,12,-1,-1,0,5
flwp,frc801,24,13,3,3,0,0
flwp,frc3932,25,21,4,3,0,0
flwp,frc7216,26,26,-1,-1,0,5
flwp,frc4471,27,22,-1,-1,0,0
flwp,frc5410,28,24,-1,-1,0,0
flwp,frc5949,29,41,-1,-1,0,5
flwp,frc7152,30,52,-1,-1,0,8
flwp,frc5872,31,27,-1,-1,0,0
flwp,frc7231,32,25,-1,-1,0,0
flwp,frc4118,33,46,-1,-1,0,5
flwp,frc6686,34,30,-1,-1,0,0
flwp,frc6722,35,29,-1,-1,0,0
flwp,frc86,36,32,-1,-1,0,0
flwp,frc3653,37,36,-1,-1,0,0
flwp,frc6685,38,35,-1,-1,0,0
flwp,frc7026,39,33,-1,-1,0,0
flwp,frc2797,40,37,-1,-1,0,0
flwp,frc4592,41,38,-1,-1,0,0
flwp,frc5773,42,39,-1,-1,0,0
flwp,frc7107,43,40,-1,-1,0,0
flwp,frc348,44,43,-1,-1,0,0
flwp,frc6225,45,44,-1,-1,0,0
flwp,frc6388,46,42,-1,-1,0,0
flwp,frc5283,47,47,-1,-1,0,0
flwp,frc6001,48,45,-1,-1,0,0
flwp,frc21,49,49,-1,-1,0,0
flwp,frc6468,50,48,-1,-1,0,0
flwp,frc7194,51,50,-1,-1,0,0
flwp,frc5329,52,51,-1,-1,0,0
flwp,frc4562,53,53,-1,-1,0,0
flwp,frc5605,54,54,-1,-1,0,0
flwp,frc7215,55,55,-1,-1,0,0
gush,frc5883,1,1,1,1,30,10
gush,frc5453,2,2,1,2,30,5
gush,frc5449,3,3,2,1,20,5
gush,frc5522,4,5,2,2,20,0
gush,frc6706,5,6,4,1,10,5
gush,frc5849,6,20,1,3,30,0
gush,frc6402,7,12,4,2,10,5
gush,frc6304,8,25,6,2,10,8
gush,frc6386,9,8,6,1,10,0
gush,frc5831,10,4,3,1,0,5
gush,frc6941,11,13,2,3,20,0
gush,frc1884,12,7,5,1,0,5
gush,frc6393,13,11,8,1,0,10
gush,frc1797,14,10,5,2,0,5
gush,frc5823,15,9,7,1,0,5
gush,frc6766,16,14,3,2,0,0
gush,frc6356,17,15,8,2,0,5
gush,frc7080,18,24,6,3,10,0
gush,frc6952,19,21,3,3,0,8
gush,frc5839,20,28,7,2,0,0
gush,frc7006,21,23,8,3,0,0
gush,frc5516,22,19,7,3,0,0
gush,frc6801,23,18,4,0,5,0
gush,frc7149,24,17,5,3,0,0
gush,frc6948,25,31,4,3,5,0
gush,frc7184,26,27,-1,-1,0,5
gush,frc7047,27,16,5,0,0,0
gush,frc6946,28,22,6,0,0,0
gush,frc6383,29,26,-1,-1,0,0
gush,frc5445,30,29,-1,-1,0,0
gush,frc7238,31,30,-1,-1,0,0
gush,frc7095,32,32,-1,-1,0,0
gush,frc7000,33,33,-1,-1,0,0
gush,frc6940,34,34,-1,-1,0,0
gush,frc7009,35,35,-1,-1,0,0
hiho,frc4253,1,1,1,1,30,10
hiho,frc359,2,3,1,2,30,5
hiho,frc368,3,8,2,2,20,5
hiho,frc4984,4,2,2,1,20,0
hiho,frc1622,5,4,3,1,10,10
hiho,frc2443,6,7,5,1,10,5
hiho,frc1378,7,21,2,3,20,8
hiho,frc1661,8,6,3,2,10,0
hiho,frc244,9,26,1,3,30,0
hiho,frc2445,10,18,5,2,10,5
hiho,frc3882,11,5,4,1,0,5
hiho,frc6909,12,10,4,2,0,8
hiho,frc3008,13,14,8,1,0,5
hiho,frc2437,14,9,6,1,0,0
hiho,frc288,15,11,6,2,0,0
hiho,frc2090,16,13,7,2,0,0
hiho,frc2465,17,12,7,1,0,0
hiho,frc6704,18,22,7,3,0,5
hiho,frc216,19,34,5,3,10,0
hiho,frc2477,20,31,3,3,10,0
hiho,frc2444,21,25,8,2,0,0
hiho,frc4270,22,33,8,3,0,5
hiho,frc2896,23,16,6,3,0,0
hiho,frc7069,24,15,5,0,0,5
hiho,frc3721,25,29,-1,-1,0,5
hiho,frc2439,26,19,-1,-1,0,0
hiho,frc3881,27,17,-1,-1,0,0
hiho,frc3878,28,20,-1,-1,0,0
hiho,frc1739,29,23,-1,-1,0,0
hiho,frc5625,30,24,-1,-1,0,0
hiho,frc5701,31,27,-1,-1,0,0
hiho,frc2438,32,36,4,3,0,0
hiho,frc2853,33,30,-1,-1,0,0
hiho,frc6308,34,28,-1,-1,0,0
hiho,frc2441,35,32,-1,-1,0,0
hiho,frc6309,36,35,-1,-1,0,0
hiho,frc3800,37,37,-1,-1,0,0
iacf,frc1156,1,13,4,2,30,5
iacf,frc3928,2,2,2,1,20,8
iacf,frc6424,3,4,4,1,30,0
iacf,frc6025,4,17,4,3,30,10
iacf,frc525,5,6,2,2,20,5
iacf,frc1710,6,24,1,2,10,10
iacf,frc4818,7,3,3,1,10,5
iacf,frc2410,8,1,1,1,10,0
iacf,frc2526,9,16,3,2,10,5
iacf,frc6317,10,7,6,1,0,5
iacf,frc1982,11,8,7,1,0,5
iacf,frc167,12,5,5,1,0,0
iacf,frc5914,13,46,2,3,20,0
iacf,frc5576,14,10,5,2,0,0
iacf,frc5006,15,31,6,2,0,5
iacf,frc5690,16,22,3,3,10,0
iacf,frc931,17,9,8,1,0,0
iacf,frc3633,18,23,1,3,10,0
iacf,frc6420,19,11,8,3,0,0
iacf,frc4959,20,25,7,2,0,0
iacf,frc2987,21,18,7,3,0,0
iacf,frc6359,22,20,6,3,0,0
iacf,frc4500,23,51,8,2,0,0
iacf,frc4646,24,12,3,0,0,0
iacf,frc6630,25,34,-1,-1,0,5
iacf,frc6999,26,49,-1,-1,0,8
iacf,frc2874,27,15,-1,-1,0,0
iacf,frc6467,28,14,-1,-1,0,0
iacf,frc1094,29,19,-1,-1,0,0
iacf,frc967,30,21,-1,-1,0,0
iacf,frc7309,31,44,-1,-1,0,5
iacf,frc7142,32,26,-1,-1,0,0
iacf,frc3206,33,28,-1,-1,0,0
iacf,frc5935,34,30,-1,-1,0,0
iacf,frc6164,35,29,-1,-1,0,0
iacf,frc6391,36,27,-1,-1,0,0
iacf,frc1985,37,50,-1,-1,0,5
iacf,frc4329,38,54,5,3,0,0
iacf,frc4021,39,35,-1,-1,0,0
iacf,frc4054,40,32,-1,-1,0,0
iacf,frc4506,41,36,-1,-1,0,0
iacf,frc7122,42,33,-1,-1,0,0
iacf,frc2549,43,38,-1,-1,0,0
iacf,frc2957,44,39,-1,-1,0,0
iacf,frc6889,45,37,-1,-1,0,0
iacf,frc6950,46,40,-1,-1,0,0
iacf,frc3026,47,41,-1,-1,0,0
iacf,frc4260,48,45,-1,-1,0,0
iacf,frc5041,49,42,-1,-1,0,0
iacf,frc6419,50,43,-1,-1,0,0
iacf,frc2530,51,47,-1,-1,0,0
iacf,frc6379,52,48,-1,-1,0,0
iacf,frc5991,53,52,-1,-1,0,0
iacf,frc6320,54,53,-1,-1,0,0
iacf,frc6371,55,55,-1,-1,0,0
iacf,frc5837,56,56,-1,-1,0,0
iacf,frc6412,57,57,-1,-1,0,0
iacf,frc5906,58,58,-1,-1,0,0
iacf,frc6455,59,59,-1,-1,0,0
iacf,frc6536,60,60,-1,-1,0,0
iacf,frc7141,61,61,-1,-1,0,0
idbo,frc2122,1,1,1,1,30,5
idbo,frc1619,2,2,1,2,30,5
idbo,frc3239,3,4,3,1,20,0
idbo,frc2130,4,8,3,2,20,0
idbo,frc3230,5,3,2,1,10,5
idbo,frc1983,6,6,4,1,10,5
idbo,frc3256,7,7,4,2,10,5
idbo,frc3128,8,5,2,2,10,0
idbo,frc3145,9,25,1,3,30,0
idbo,frc3598,10,13,8,1,0,13
idbo,frc4944,11,12,7,2,0,10
idbo,frc5496,12,9,5,1,0,5
idbo,frc3288,13,27,3,3,20,0
idbo,frc2102,14,19,5,2,0,5
idbo,frc4175,15,10,6,1,0,0
idbo,frc1891,16,15,2,3,10,0
idbo,frc115,17,11,7,1,0,0
idbo,frc4135,18,21,8,3,0,5
idbo,frc1569,19,20,8,2,0,0
idbo,frc6411,20,14,7,3,0,0
idbo,frc4598,21,35,4,3,10,0
idbo,frc2594,22,16,6,3,0,0
idbo,frc5933,23,32,6,2,0,0
idbo,frc5461,24,17,-1,-1,0,5
idbo,frc7148,25,18,-1,-1,0,5
idbo,frc7301,26,28,-1,-1,0,8
idbo,frc3245,27,24,5,3,0,0
idbo,frc3006,28,23,-1,-1,0,0
idbo,frc4643,29,22,-1,-1,0,0
idbo,frc3513,30,26,-1,-1,0,0
idbo,frc3243,31,29,-1,-1,0,0
idbo,frc5871,32,38,-1,-1,0,5
idbo,frc3562,33,31,-1,-1,0,0
idbo,frc4585,34,30,-1,-1,0,0
idbo,frc6358,35,33,-1,-1,0,0
idbo,frc1566,36,34,-1,-1,0,0
idbo,frc5430,37,36,-1,-1,0,0
idbo,frc5630,38,37,-1,-1,0,0
idbo,frc6680,39,39,-1,-1,0,0
ilch,frc16,1,1,1,1,30,5
ilch,frc2451,2,10,1,2,30,5
ilch,frc1706,3,7,2,2,20,5
ilch,frc578,4,2,2,1,20,0
ilch,frc6823,5,21,1,3,30,5
ilch,frc269,6,3,3,1,10,5
ilch,frc341,7,8,5,2,10,8
ilch,frc111,8,9,3,2,10,5
ilch,frc2040,9,5,5,1,10,5
ilch,frc5822,10,29,2,3,20,0
ilch,frc2338,11,4,4,1,0,0
ilch,frc4213,12,6,4,2,0,0
ilch,frc5934,13,16,5,3,10,0
ilch,frc1511,14,17,8,2,0,5
ilch,frc6803,15,11,6,1,0,0
ilch,frc4241,16,12,7,1,0,0
ilch,frc3695,17,13,7,2,0,0
ilch,frc6991,18,22,6,2,0,0
ilch,frc5013,19,14,8,1,0,0
ilch,frc1781,20,40,3,3,10,0
ilch,frc4096,21,19,8,3,0,0
ilch,frc2905,22,26,-1,-1,0,10
ilch,frc5442,23,18,7,3,0,0
ilch,frc2010,24,32,4,3,0,5
ilch,frc5847,25,15,-1,-1,0,5
ilch,frc6487,26,38,6,3,0,0
ilch,frc3061,27,37,-1,-1,0,5
ilch,frc2136,28,23,-1,-1,0,0
ilch,frc4787,29,20,-1,-1,0,0
ilch,frc2022,30,24,-1,-1,0,0
ilch,frc3488,31,25,-1,-1,0,0
ilch,frc4702,32,27,-1,-1,0,0
ilch,frc101,33,30,-1,-1,0,0
ilch,frc2358,34,28,-1,-1,0,0
ilch,frc677,35,31,-1,-1,0,0
ilch,frc2039,36,36,-1,-1,0,0
ilch,frc2725,37,34,-1,-1,0,0
ilch,frc4979,38,33,-1,-1,0,0
ilch,frc6421,39,35,-1,-1,0,0
ilch,frc2704,40,39,-1,-1,0,0
ilch,frc5041,41,42,-1,-1,0,0
ilch,frc5125,42,43,-1,-1,0,0
ilch,frc7237,43,41,-1,-1,0,0
ilch,frc2151,44,54,-1,-1,0,5
ilch,frc3067,45,44,-1,-1,0,0
ilch,frc3110,46,46,-1,-1,0,0
ilch,frc3352,47,45,-1,-1,0,0
ilch,frc3734,48,47,-1,-1,0,0
ilch,frc4292,49,48,-1,-1,0,0
ilch,frc6906,50,49,-1,-1,0,0
ilch,frc4269,51,50,-1,-1,0,0
ilch,frc5350,52,51,-1,-1,0,0
ilch,frc4645,53,52,-1,-1,0,0
ilch,frc2709,54,53,-1,-1,0,0
ilpe,frc1756,1,1,1,1,30,5
ilpe,frc2481,2,3,1,2,30,5
ilpe,frc2826,3,6,2,2,20,5
ilpe,frc3695,4,2,2,1,20,0
ilpe,frc2338,5,9,5,2,10,8
ilpe,frc1736,6,13,3,2,10,5
ilpe,frc2081,7,7,5,1,10,5
ilpe,frc4096,8,25,2,3,20,10
ilpe,frc4143,9,4,3,1,10,0
ilpe,frc4645,10,35,1,3,30,0
ilpe,frc2220,11,8,4,2,0,5
ilpe,frc5442,12,5,4,1,0,0
ilpe,frc4356,13,17,3,3,10,5
ilpe,frc5847,14,11,7,1,0,5
ilpe,frc4655,15,14,6,2,0,5
ilpe,frc5822,16,10,6,1,0,0
ilpe,frc2169,17,15,7,3,0,5
ilpe,frc4213,18,12,8,1,0,0
ilpe,frc4256,19,23,8,3,0,5
ilpe,frc2704,20,33,5,3,10,0
ilpe,frc2040,21,18,8,2,0,0
ilpe,frc4296,22,31,7,2,0,0
ilpe,frc6874,23,26,-1,-1,0,8
ilpe,frc1329,24,28,6,3,0,0
ilpe,frc2358,25,27,4,3,0,0
ilpe,frc648,26,16,2,0,0,0
ilpe,frc4330,27,19,-1,-1,0,0
ilpe,frc4212,28,21,-1,-1,0,0
ilpe,frc4314,29,20,-1,-1,0,0
ilpe,frc4787,30,22,-1,-1,0,0
ilpe,frc6651,31,24,-1,-1,0,0
ilpe,frc4241,32,30,-1,-1,0,0
ilpe,frc6237,33,29,-1,-1,0,0
ilpe,frc4764,34,32,-1,-1,0,0
ilpe,frc4156,35,34,-1,-1,0,0
ilpe,frc81,36,36,-1,-1,0,0
ilpe,frc3352,37,37,-1,-1,0,0
lake,frc456,1,1,1,1,30,15
lake,frc1421,2,2,1,2,30,0
lake,frc2992,3,3,2,1,20,5
lake,frc364,4,4,2,2,20,5
lake,frc281,5,11,2,3,20,5
lake,frc3937,6,8,6,1,10,5
lake,frc5997,7,33,1,3,30,0
lake,frc6055,8,7,5,1,10,0
lake,frc4087,9,5,3,1,0,5
lake,frc5892,10,24,5,2,10,0
lake,frc2333,11,21,6,2,10,0
lake,frc3616,12,14,3,2,0,5
lake,frc2080,13,12,8,3,0,10
lake,frc3039,14,16,4,2,0,5
lake,frc3991,15,6,4,1,0,0
lake,frc5045,16,22,6,3,10,0
lake,frc3753,17,9,7,1,0,0
lake,frc3337,18,30,5,3,10,0
lake,frc4978,19,10,8,1,0,0
lake,frc7094,20,18,3,3,0,5
lake,frc6898,21,17,-1,-1,0,8
lake,frc3468,22,47,7,2,0,0
lake,frc4209,23,46,8,2,0,0
lake,frc2183,24,41,7,3,0,0
lake,frc1818,25,32,4,3,0,0
lake,frc4053,26,15,-1,-1,0,0
lake,frc7275,27,13,-1,-1,0,0
lake,frc2078,28,20,-1,-1,0,0
lake,frc2221,29,19,-1,-1,0,0
lake,frc6652,30,50,-1,-1,0,8
lake,frc6068,31,23,-1,-1,0,0
lake,frc1912,32,26,-1,-1,0,0
lake,frc3606,33,27,-1,-1,0,0
lake,frc3946,34,28,-1,-1,0,0
lake,frc6103,35,25,-1,-1,0,0
lake,frc5864,36,31,-1,-1,0,0
lake,frc7331,37,29,-1,-1,0,0
lake,frc1927,38,35,-1,-1,0,0
lake,frc5819,39,36,-1,-1,0,0
lake,frc6677,40,34,-1,-1,0,0
lake,frc4107,41,38,-1,-1,0,0
lake,frc4353,42,40,-1,-1,0,0
lake,frc5863,43,37,-1,-1,0,0
lake,frc590,44,39,-1,-1,0,0
lake,frc4336,45,44,-1,-1,0,0
lake,frc5953,46,43,-1,-1,0,0
lake,frc6489,47,42,-1,-1,0,0
lake,frc5965,48,54,-1,-1,0,5
lake,frc7316,49,45,-1,-1,0,0
lake,frc6923,50,48,-1,-1,0,0
lake,frc7288,51,49,-1,-1,0,0
lake,frc5168,52,51,-1,-1,0,0
lake,frc5785,53,52,-1,-1,0,0
lake,frc4335,54,53,-1,-1,0,0
lake,frc4179,55,55,-1,-1,0,0
mndu,frc4539,1,1,1,1,30,5
mndu,frc3276,2,3,1,2,30,5
mndu,frc4198,3,10,2,2,20,5
mndu,frc2052,4,2,2,1,20,0
mndu,frc4607,5,13,3,2,10,15
mndu,frc2202,6,14,4,2,10,8
mndu,frc3100,7,4,3,1,10,0
mndu,frc6628,8,5,4,1,10,0
mndu,frc2175,9,42,1,3,30,0
mndu,frc2846,10,34,2,3,20,5
mndu,frc93,11,7,6,1,0,5
mndu,frc2977,12,8,7,1,0,5
mndu,frc6022,13,6,5,1,0,0
mndu,frc5464,14,16,3,3,10,0
mndu,frc2526,15,11,6,2,0,0
mndu,frc5542,16,19,5,2,0,0
mndu,frc6217,17,9,8,1,0,0
mndu,frc2503,18,15,7,2,0,0
mndu,frc3294,19,17,8,2,0,0
mndu,frc4741,20,44,4,3,10,0
mndu,frc6160,21,18,8,3,0,0
mndu,frc3042,22,29,5,3,0,5
mndu,frc4009,23,21,7,3,0,0
mndu,frc5690,24,31,6,3,0,0
mndu,frc1816,25,27,-1,-1,0,5
mndu,frc7028,26,41,-1,-1,0,8
mndu,frc5299,27,12,8,0,0,0
mndu,frc3293,28,20,-1,-1,0,0
mndu,frc6720,29,22,-1,-1,0,0
mndu,frc4011,30,23,-1,-1,0,0
mndu,frc4728,31,24,-1,-1,0,0
mndu,frc4845,32,25,-1,-1,0,0
mndu,frc5348,33,26,-1,-1,0,0
mndu,frc6146,34,46,-1,-1,0,5
mndu,frc7041,35,49,-1,-1,0,5
mndu,frc3058,36,30,-1,-1,0,0
mndu,frc4238,37,28,-1,-1,0,0
mndu,frc4536,38,50,-1,-1,0,5
mndu,frc2264,39,35,-1,-1,0,0
mndu,frc2511,40,33,-1,-1,0,0
mndu,frc2538,41,36,-1,-1,0,0
mndu,frc4230,42,32,-1,-1,0,0
mndu,frc3755,43,37,-1,-1,0,0
mndu,frc3840,44,40,-1,-1,0,0
mndu,frc5595,45,38,-1,-1,0,0
mndu,frc6047,46,39,-1,-1,0,0
mndu,frc3055,47,43,-1,-1,0,0
mndu,frc4480,48,45,-1,-1,0,0
mndu,frc2499,49,47,-1,-1,0,0
mndu,frc3082,50,48,-1,-1,0,0
mndu,frc4215,51,51,-1,-1,0,0
mndu,frc4778,52,53,-1,-1,0,0
mndu,frc6318,53,52,-1,-1,0,0
mndu,frc3122,54,54,-1,-1,0,0
mndu,frc4217,55,55,-1,-1,0,0
mndu,frc5143,56,56,-1,-1,0,0
mndu,frc4397,57,58,-1,-1,0,0
mndu,frc5253,58,57,-1,-1,0,0
mndu,frc4166,59,59,-1,-1,0,0
mndu,frc5913,60,60,-1,-1,0,0
mndu,frc3740,61,61,-1,-1,0,0
mndu,frc3291,62,62,-1,-1,0,0
mndu2,frc7021,1,2,1,2,30,8
mndu2,frc1259,2,1,1,1,30,5
mndu2,frc2502,3,4,3,1,20,5
mndu2,frc2987,4,6,3,2,20,5
mndu2,frc2501,5,16,1,3,30,0
mndu2,frc4239,6,5,4,1,10,0
mndu2,frc2227,7,9,7,1,10,5
mndu2,frc2181,8,14,3,3,20,0
mndu2,frc876,9,21,4,2,10,0
mndu2,frc4623,10,3,2,1,0,0
mndu2,frc4174,11,18,7,2,10,0
mndu2,frc3630,12,8,6,1,0,5
mndu2,frc4531,13,19,6,2,0,8
mndu2,frc3926,14,11,2,2,0,0
mndu2,frc6044,15,7,5,1,0,0
mndu2,frc2512,16,36,8,2,0,10
mndu2,frc5232,17,43,7,3,10,0
mndu2,frc5903,18,28,4,3,10,0
mndu2,frc5653,19,10,8,1,0,0
mndu2,frc4859,20,17,5,3,0,5
mndu2,frc5720,21,31,5,2,0,0
mndu2,frc4624,22,20,8,3,0,0
mndu2,frc5434,23,13,6,3,0,0
mndu2,frc2989,24,12,-1,-1,0,5
mndu2,frc6613,25,24,2,3,0,0
mndu2,frc3691,26,15,-1,-1,0,0
mndu2,frc2509,27,35,-1,-1,0,5
mndu2,frc2177,28,40,-1,-1,0,5
mndu2,frc6819,29,42,-1,-1,0,5
mndu2,frc2531,30,23,-1,-1,0,0
mndu2,frc2861,31,25,-1,-1,0,0
mndu2,frc5999,32,22,-1,-1,0,0
mndu2,frc4182,33,45,-1,-1,0,5
mndu2,frc4226,34,27,-1,-1,0,0
mndu2,frc5826,35,29,-1,-1,0,0
mndu2,frc5998,36,26,-1,-1,0,0
mndu2,frc2450,37,34,-1,-1,0,0
mndu2,frc3212,38,30,-1,-1,0,0
mndu2,frc3745,39,33,-1,-1,0,0
mndu2,frc4656,40,32,-1,-1,0,0
mndu2,frc6147,41,52,-1,-1,0,5
mndu2,frc4511,42,38,-1,-1,0,0
mndu2,frc6132,43,37,-1,-1,0,0
mndu2,frc4506,44,39,-1,-1,0,0
mndu2,frc4549,45,41,-1,-1,0,0
mndu2,frc3267,46,44,-1,-1,0,0
mndu2,frc4632,47,46,-1,-1,0,0
mndu2,frc3036,48,49,-1,-1,0,0
mndu2,frc6758,49,47,-1,-1,0,0
mndu2,frc706,50,48,-1,-1,0,0
mndu2,frc3723,51,51,-1,-1,0,0
mndu2,frc4665,52,50,-1,-1,0,0
mndu2,frc3297,53,53,-1,-1,0,0
mndu2,frc5541,54,54,-1,-1,0,0
mndu2,frc6045,55,56,-1,-1,0,0
mndu2,frc6707,56,55,-1,-1,0,0
mndu2,frc3054,57,58,-1,-1,0,0
mndu2,frc7311,58,57,-1,-1,0,0
mnmi,frc2052,1,6,6,1,30,5
mnmi,frc5434,2,18,6,2,30,0
mnmi,frc3244,3,9,8,1,20,5
mnmi,frc5172,4,2,2,1,10,5
mnmi,frc4607,5,27,2,2,10,13
mnmi,frc5913,6,22,6,3,30,0
mnmi,frc1816,7,16,4,2,10,10
mnmi,frc233,8,4,4,1,10,5
mnmi,frc2846,9,36,8,2,20,5
mnmi,frc3038,10,15,8,3,20,0
mnmi,frc2509,11,1,1,1,0,0
mnmi,frc3026,12,3,3,1,0,0
mnmi,frc2502,13,7,3,2,0,0
mnmi,frc2823,14,5,5,1,0,0
mnmi,frc3102,15,13,4,3,10,0
mnmi,frc3840,16,23,1,2,0,0
mnmi,frc2501,17,8,7,1,0,0
mnmi,frc2181,18,17,7,3,0,5
mnmi,frc3184,19,19,5,2,0,0
mnmi,frc4536,20,46,2,3,10,0
mnmi,frc4207,21,12,3,3,0,0
mnmi,frc3298,22,47,7,2,0,0
mnmi,frc2470,23,10,-1,-1,0,0
mnmi,frc7068,24,44,-1,-1,0,8
mnmi,frc3745,25,34,5,3,0,0
mnmi,frc4549,26,11,-1,-1,0,0
mnmi,frc2500,27,35,-1,-1,0,5
mnmi,frc2825,28,33,-1,-1,0,5
mnmi,frc3299,29,21,1,3,0,0
mnmi,frc5637,30,14,-1,-1,0,0
mnmi,frc3630,31,39,-1,-1,0,5
mnmi,frc3023,32,20,-1,-1,0,0
mnmi,frc7038,33,41,-1,-1,0,5
mnmi,frc2450,34,26,-1,-1,0,0
mnmi,frc2508,35,24,-1,-1,0,0
mnmi,frc6709,36,25,-1,-1,0,0
mnmi,frc2545,37,30,-1,-1,0,0
mnmi,frc3018,38,28,-1,-1,0,0
mnmi,frc3081,39,29,-1,-1,0,0
mnmi,frc2879,40,32,-1,-1,0,0
mnmi,frc3839,41,31,-1,-1,0,0
mnmi,frc2518,42,37,-1,-1,0,0
mnmi,frc3058,43,38,-1,-1,0,0
mnmi,frc4229,44,40,-1,-1,0,0
mnmi,frc2239,45,55,-1,-1,0,5
mnmi,frc2532,46,43,-1,-1,0,0
mnmi,frc4664,47,42,-1,-1,0,0
mnmi,frc2498,48,45,-1,-1,0,0
mnmi,frc5996,49,48,-1,-1,0,0
mnmi,frc2480,50,51,-1,-1,0,0
mnmi,frc2513,51,50,-1,-1,0,0
mnmi,frc2529,52,49,-1,-1,0,0
mnmi,frc2232,53,54,-1,-1,0,0
mnmi,frc3407,54,53,-1,-1,0,0
mnmi,frc3454,55,52,-1,-1,0,0
mnmi,frc3751,56,56,-1,-1,0,0
mnmi,frc2847,57,58,-1,-1,0,0
mnmi,frc7180,58,57,-1,-1,0,0
mnmi,frc2515,59,59,-1,-1,0,0
mnmi,frc3278,60,60,-1,-1,0,0
mnmi2,frc2451,1,9,2,2,30,10
mnmi2,frc1625,2,2,2,1,30,5
mnmi2,frc3130,3,1,1,1,20,5
mnmi2,frc2175,4,5,1,2,20,5
mnmi2,frc3750,5,4,4,1,10,5
mnmi2,frc2512,6,14,4,2,10,5
mnmi2,frc5278,7,7,6,1,10,5
mnmi2,frc2225,8,41,2,3,30,0
mnmi2,frc2472,9,13,6,2,10,0
mnmi2,frc2549,10,8,7,1,0,8
mnmi2,frc3082,11,22,1,3,20,0
mnmi2,frc3633,12,3,3,1,0,0
mnmi2,frc2574,13,19,6,3,10,0
mnmi2,frc3313,14,10,3,2,0,0
mnmi2,frc4230,15,6,5,1,0,0
mnmi2,frc3042,16,15,7,2,0,5
mnmi2,frc2491,17,11,8,1,0,5
mnmi2,frc3871,18,17,4,3,10,0
mnmi2,frc3883,19,18,8,2,0,5
mnmi2,frc3276,20,16,5,2,0,0
mnmi2,frc5638,21,12,5,3,0,0
mnmi2,frc2177,22,29,-1,-1,0,10
mnmi2,frc3277,23,20,7,3,0,0
mnmi2,frc2883,24,28,8,3,0,0
mnmi2,frc2227,25,23,3,3,0,0
mnmi2,frc4648,26,21,-1,-1,0,0
mnmi2,frc7019,27,42,-1,-1,0,5
mnmi2,frc2207,28,24,-1,-1,0,0
mnmi2,frc2606,29,27,-1,-1,0,0
mnmi2,frc3848,30,25,-1,-1,0,0
mnmi2,frc6758,31,26,-1,-1,0,0
mnmi2,frc2667,32,32,-1,-1,0,0
mnmi2,frc5275,33,30,-1,-1,0,0
mnmi2,frc7258,34,31,-1,-1,0,0
mnmi2,frc4277,35,33,-1,-1,0,0
mnmi2,frc4778,36,34,-1,-1,0,0
mnmi2,frc6912,37,36,-1,-1,0,0
mnmi2,frc7273,38,35,-1,-1,0,0
mnmi2,frc2129,39,40,-1,-1,0,0
mnmi2,frc3202,40,39,-1,-1,0,0
mnmi2,frc3610,41,37,-1,-1,0,0
mnmi2,frc5340,42,38,-1,-1,0,0
mnmi2,frc5626,43,43,-1,-1,0,0
mnmi2,frc2525,44,44,-1,-1,0,0
mnmi2,frc4663,45,45,-1,-1,0,0
mnmi2,frc4693,46,46,-1,-1,0,0
mnmi2,frc2654,47,48,-1,-1,0,0
mnmi2,frc4225,48,49,-1,-1,0,0
mnmi2,frc4665,49,47,-1,-1,0,0
mnmi2,frc3367,50,50,-1,-1,0,0
mnmi2,frc5290,51,51,-1,-1,0,0
mnmi2,frc171,52,52,-1,-1,0,0
mnmi2,frc2855,53,54,-1,-1,0,0
mnmi2,frc6749,54,53,-1,-1,0,0
mokc,frc1986,1,1,1,1,30,5
mokc,frc1723,2,3,1,2,30,0
mokc,frc3284,3,13,7,2,20,10
mokc,frc5801,4,10,7,1,20,0
mokc,frc5889,5,5,4,1,10,5
mokc,frc932,6,6,4,2,10,5
mokc,frc1997,7,15,7,3,20,0
mokc,frc5098,8,32,1,3,30,0
mokc,frc1763,9,9,6,1,10,0
mokc,frc1987,10,23,6,2,10,5
mokc,frc2352,11,8,2,2,0,5
mokc,frc6886,12,2,2,1,0,0
mokc,frc935,13,11,3,2,0,5
mokc,frc5013,14,4,3,1,0,0
mokc,frc1764,15,12,5,2,0,5
mokc,frc5082,16,17,6,3,10,0
mokc,frc2457,17,7,5,1,0,0
mokc,frc5809,18,14,8,1,0,5
mokc,frc2345,19,28,4,3,10,0
mokc,frc2164,20,16,8,2,0,0
mokc,frc6817,21,30,-1,-1,0,13
mokc,frc1825,22,18,8,3,0,0
mokc,frc5126,23,22,2,3,0,5
mokc,frc4809,24,19,5,3,0,0
mokc,frc1775,25,33,-1,-1,0,8
mokc,frc6805,26,27,-1,-1,0,5
mokc,frc2560,27,26,3,3,0,0
mokc,frc3172,28,21,-1,-1,0,0
mokc,frc6542,29,20,-1,-1,0,0
mokc,frc5968,30,24,-1,-1,0,0
mokc,frc938,31,25,-1,-1,0,0
mokc,frc1769,32,29,-1,-1,0,0
mokc,frc2357,33,40,-1,-1,0,5
mokc,frc5189,34,31,-1,-1,0,0
mokc,frc937,35,34,-1,-1,0,0
mokc,frc1737,36,35,-1,-1,0,0
mokc,frc1802,37,36,-1,-1,0,0
mokc,frc6976,38,37,-1,-1,0,0
mokc,frc1288,39,39,-1,-1,0,0
mokc,frc5141,40,38,-1,-1,0,0
mokc,frc2874,41,42,-1,-1,0,0
mokc,frc7064,42,41,-1,-1,0,0
mokc,frc1827,43,43,-1,-1,0,0
mokc2,frc1710,1,14,3,2,30,10
mokc2,frc1730,2,1,1,1,20,8
mokc2,frc4522,3,3,3,1,30,0
mokc2,frc1806,4,13,1,2,20,0
mokc2,frc1723,5,4,4,1,10,5
mokc2,frc1982,6,19,3,3,30,0
mokc2,frc6886,7,2,2,1,0,8
mokc2,frc3184,8,9,7,1,10,5
mokc2,frc1810,9,18,1,3,20,5
mokc2,frc1984,10,10,4,2,10,0
mokc2,frc1108,11,16,7,2,10,5
mokc2,frc4786,12,6,6,1,0,10
mokc2,frc6843,13,5,5,1,0,5
mokc2,frc5119,14,7,5,2,0,5
mokc2,frc4388,15,8,2,2,0,0
mokc2,frc4499,16,22,7,3,10,0
mokc2,frc1939,17,12,8,1,0,5
mokc2,frc2410,18,36,4,3,10,5
mokc2,frc4959,19,11,6,2,0,0
mokc2,frc6424,20,23,8,3,0,0
mokc2,frc2765,21,15,5,3,0,0
mokc2,frc2167,22,21,6,3,0,0
mokc2,frc6359,23,35,8,2,0,0
mokc2,frc2353,24,17,-1,-1,0,0
mokc2,frc5268,25,20,-1,-1,0,0
mokc2,frc935,26,32,2,3,0,0
mokc2,frc1785,27,24,-1,-1,0,0
mokc2,frc1997,28,25,-1,-1,0,0
mokc2,frc5918,29,38,-1,-1,0,5
mokc2,frc6420,30,39,-1,-1,0,5
mokc2,frc1777,31,26,-1,-1,0,0
mokc2,frc1847,32,28,-1,-1,0,0
mokc2,frc2457,33,29,-1,-1,0,0
mokc2,frc6317,34,27,-1,-1,0,0
mokc2,frc4646,35,31,-1,-1,0,0
mokc2,frc5809,36,30,-1,-1,0,0
mokc2,frc1769,37,33,-1,-1,0,0
mokc2,frc938,38,34,-1,-1,0,0
mokc2,frc967,39,37,-1,-1,0,0
mokc2,frc1994,40,40,-1,-1,0,0
mokc2,frc2001,41,41,-1,-1,0,0
mokc2,frc5082,42,42,-1,-1,0,0
mokc2,frc4455,43,43,-1,-1,0,0
mosl,frc2481,1,1,1,1,30,10
mosl,frc2451,2,3,1,2,30,5
mosl,frc1178,3,2,2,1,20,0
mosl,frc1706,4,4,2,2,20,0
mosl,frc3284,5,11,6,2,10,10
mosl,frc3197,6,6,4,1,10,5
mosl,frc4256,7,35,1,3,30,5
mosl,frc2081,8,8,6,1,10,5
mosl,frc1444,9,10,4,2,10,0
mosl,frc2978,10,20,2,3,20,0
mosl,frc3397,11,5,3,1,0,0
mosl,frc1658,12,15,6,3,10,0
mosl,frc4143,13,14,3,2,0,0
mosl,frc1732,14,7,5,1,0,0
mosl,frc1625,15,12,5,2,0,0
mosl,frc4356,16,25,4,3,10,0
mosl,frc7117,17,9,7,1,0,0
mosl,frc4931,18,31,7,2,0,5
mosl,frc3814,19,13,8,1,0,0
mosl,frc2783,20,19,8,2,0,0
mosl,frc3330,21,16,7,3,0,0
mosl,frc3792,22,24,-1,-1,0,8
mosl,frc6744,23,23,-1,-1,0,5
mosl,frc1094,24,27,-1,-1,0,5
mosl,frc7255,25,28,-1,-1,0,5
mosl,frc5176,26,40,8,3,0,0
mosl,frc4329,27,30,5,3,0,0
mosl,frc931,28,22,3,3,0,0
mosl,frc1985,29,32,-1,-1,0,5
mosl,frc5836,30,17,-1,-1,0,0
mosl,frc1208,31,18,-1,-1,0,0
mosl,frc5147,32,21,-1,-1,0,0
mosl,frc2022,33,39,-1,-1,0,5
mosl,frc4500,34,29,-1,-1,0,0
mosl,frc6391,35,26,-1,-1,0,0
mosl,frc1288,36,33,-1,-1,0,0
mosl,frc3692,37,36,-1,-1,0,0
mosl,frc4246,38,34,-1,-1,0,0
mosl,frc1329,39,37,-1,-1,0,0
mosl,frc6660,40,38,-1,-1,0,0
mosl,frc4330,41,42,-1,-1,0,0
mosl,frc5060,42,41,-1,-1,0,0
mosl,frc4232,43,43,-1,-1,0,0
mosl,frc4600,44,44,-1,-1,0,0
mosl,frc4187,45,46,-1,-1,0,0
mosl,frc5326,46,45,-1,-1,0,0
mosl,frc2408,47,47,-1,-1,0,0
mosl,frc2707,48,48,-1,-1,0,0
mosl,frc5583,49,49,-1,-1,0,0
mxmo,frc3478,1,1,1,1,30,8
mxmo,frc3526,2,3,1,2,30,5
mxmo,frc3933,3,7,6,1,20,5
mxmo,frc5716,4,22,1,3,30,5
mxmo,frc3472,5,8,6,2,20,0
mxmo,frc6348,6,9,5,2,10,10
mxmo,frc4775,7,10,2,2,10,5
mxmo,frc5948,8,2,2,1,10,0
mxmo,frc3510,9,16,6,3,20,0
mxmo,frc3522,10,6,5,1,10,0
mxmo,frc3354,11,4,3,1,0,5
mxmo,frc6106,12,5,4,1,0,5
mxmo,frc6694,13,18,5,3,10,5
mxmo,frc4635,14,15,3,2,0,5
mxmo,frc6483,15,14,8,2,0,5
mxmo,frc4584,16,12,4,2,0,0
mxmo,frc4731,17,11,7,1,0,0
mxmo,frc4782,18,23,2,3,10,0
mxmo,frc5696,19,13,8,1,0,0
mxmo,frc6647,20,21,3,3,0,5
mxmo,frc4010,21,19,7,3,0,0
mxmo,frc5887,22,38,7,2,0,0
mxmo,frc4401,23,17,4,3,0,0
mxmo,frc7102,24,30,-1,-1,0,8
mxmo,frc6652,25,25,-1,-1,0,5
mxmo,frc6200,26,39,8,3,0,0
mxmo,frc6820,27,20,-1,-1,0,0
mxmo,frc3794,28,24,4,0,0,0
mxmo,frc5133,29,27,-1,-1,0,0
mxmo,frc5932,30,28,-1,-1,0,0
mxmo,frc6507,31,26,-1,-1,0,0
mxmo,frc4746,32,29,-1,-1,0,0
mxmo,frc6156,33,32,-1,-1,0,0
mxmo,frc6170,34,31,-1,-1,0,0
mxmo,frc6965,35,45,-1,-1,0,5
mxmo,frc6010,36,34,-1,-1,0,0
mxmo,frc6017,37,33,-1,-1,0,0
mxmo,frc6666,38,35,-1,-1,0,0
mxmo,frc5874,39,36,-1,-1,0,0
mxmo,frc6983,40,37,-1,-1,0,0
mxmo,frc3158,41,40,-1,-1,0,0
mxmo,frc6218,42,41,-1,-1,0,0
mxmo,frc3527,43,42,-1,-1,0,0
mxmo,frc6407,44,43,-1,-1,0,0
mxmo,frc6605,45,44,-1,-1,0,0
mxmo,frc6319,46,46,-1,-1,0,0
mxmo,frc6676,47,47,-1,-1,0,0
mxmo,frc5344,48,48,-1,-1,0,0
mxto,frc4635,1,1,1,1,30,8
mxto,frc2283,2,2,1,2,30,5
mxto,frc7018,3,4,3,1,20,8
mxto,frc4401,4,9,3,2,20,5
mxto,frc6647,5,5,4,1,10,5
mxto,frc4603,6,3,2,1,10,0
mxto,frc4400,7,21,2,2,10,5
mxto,frc6702,8,30,1,3,30,0
mxto,frc3480,9,12,4,2,10,0
mxto,frc3472,10,15,3,3,20,0
mxto,frc4010,11,10,7,1,0,10
mxto,frc5526,12,6,5,1,0,5
mxto,frc3354,13,8,5,2,0,5
mxto,frc6199,14,7,6,1,0,5
mxto,frc6708,15,13,4,3,10,0
mxto,frc6608,16,14,6,3,0,5
mxto,frc4355,17,11,8,1,0,0
mxto,frc3933,18,16,7,2,0,0
mxto,frc5959,19,18,-1,-1,0,10
mxto,frc4735,20,27,2,3,10,0
mxto,frc4262,21,28,6,2,0,0
mxto,frc5312,22,19,7,3,0,0
mxto,frc5705,23,36,8,2,0,0
mxto,frc6896,24,25,5,3,0,0
mxto,frc4371,25,37,8,3,0,0
mxto,frc6444,26,17,-1,-1,0,0
mxto,frc7217,27,20,-1,-1,0,0
mxto,frc7046,28,34,-1,-1,0,5
mxto,frc4723,29,22,-1,-1,0,0
mxto,frc6604,30,24,-1,-1,0,0
mxto,frc6606,31,23,-1,-1,0,0
mxto,frc5093,32,26,-1,-1,0,0
mxto,frc6017,33,29,-1,-1,0,0
mxto,frc7040,34,33,-1,-1,0,0
mxto,frc7161,35,32,-1,-1,0,0
mxto,frc7299,36,31,-1,-1,0,0
mxto,frc7037,37,41,-1,-1,0,5
mxto,frc6837,38,35,-1,-1,0,0
mxto,frc3794,39,39,-1,-1,0,0
mxto,frc4403,40,38,-1,-1,0,0
mxto,frc6832,41,40,-1,-1,0,0
ndgf,frc5172,1,1,1,1,30,5
ndgf,frc4539,2,4,1,2,30,5
ndgf,frc525,3,2,2,1,20,0
ndgf,frc3750,4,5,2,2,20,0
ndgf,frc5576,5,3,3,1,10,5
ndgf,frc2491,6,7,5,1,10,5
ndgf,frc7048,7,14,5,2,10,8
ndgf,frc6175,8,27,1,3,30,0
ndgf,frc3130,9,9,3,2,10,0
ndgf,frc2220,10,20,8,2,0,15
ndgf,frc876,11,6,4,1,0,5
ndgf,frc5638,12,24,2,3,20,0
ndgf,frc4818,13,19,5,3,10,5
ndgf,frc2883,14,12,4,2,0,5
ndgf,frc2472,15,15,7,2,0,5
ndgf,frc3313,16,8,6,1,0,0
ndgf,frc4198,17,18,3,3,10,0
ndgf,frc4009,18,10,7,1,0,0
ndgf,frc4181,19,11,8,1,0,0
ndgf,frc3277,20,21,6,2,0,0
ndgf,frc4239,21,13,6,3,0,0
ndgf,frc3883,22,23,7,3,0,0
ndgf,frc3102,23,36,8,3,0,0
ndgf,frc1792,24,26,-1,-1,0,5
ndgf,frc3134,25,28,-1,-1,0,5
ndgf,frc2500,26,38,-1,-1,0,8
ndgf,frc4360,27,30,4,3,0,0
ndgf,frc2823,28,16,8,0,0,0
ndgf,frc6047,29,17,-1,-1,0,0
ndgf,frc5658,30,22,-1,-1,0,0
ndgf,frc3300,31,25,-1,-1,0,0
ndgf,frc7235,32,42,-1,-1,0,5
ndgf,frc3007,33,31,-1,-1,0,0
ndgf,frc6056,34,29,-1,-1,0,0
ndgf,frc2531,35,32,-1,-1,0,0
ndgf,frc3275,36,35,-1,-1,0,0
ndgf,frc3754,37,34,-1,-1,0,0
ndgf,frc7257,38,33,-1,-1,0,0
ndgf,frc5929,39,37,-1,-1,0,0
ndgf,frc2538,40,39,-1,-1,0,0
ndgf,frc3292,41,40,-1,-1,0,0
ndgf,frc6453,42,41,-1,-1,0,0
ndgf,frc3298,43,43,-1,-1,0,0
ndgf,frc4674,44,44,-1,-1,0,0
ndgf,frc1986,45,46,-1,-1,0,0
ndgf,frc877,46,45,-1,-1,0,0
ndgf,frc3367,47,47,-1,-1,0,0
nvlv,frc842,1,3,2,1,30,5
nvlv,frc987,2,6,2,2,30,5
nvlv,frc399,3,17,4,2,20,5
nvlv,frc687,4,7,4,1,20,0
nvlv,frc2485,5,1,1,1,0,8
nvlv,frc5012,6,21,6,2,10,10
nvlv,frc3965,7,28,2,3,30,0
nvlv,frc3255,8,2,1,2,0,5
nvlv,frc6824,9,13,4,3,20,0
nvlv,frc3009,10,9,6,1,10,0
nvlv,frc5285,11,5,3,2,0,5
nvlv,frc4738,12,11,8,1,10,0
nvlv,frc2710,13,4,3,1,0,0
nvlv,frc2543,14,8,5,1,0,5
nvlv,frc4,15,19,8,3,10,0
nvlv,frc2659,16,16,6,3,10,0
nvlv,frc1160,17,18,7,2,0,5
nvlv,frc3495,18,34,8,2,10,0
nvlv,frc1388,19,10,7,1,0,0
nvlv,frc4486,20,25,5,2,0,0
nvlv,frc5059,21,14,5,3,0,0
nvlv,frc60,22,23,7,3,0,0
nvlv,frc3021,23,12,3,3,0,0
nvlv,frc5851,24,20,-1,-1,0,5
nvlv,frc6957,25,32,-1,-1,0,8
nvlv,frc585,26,38,-1,-1,0,10
nvlv,frc6411,27,15,1,3,0,0
nvlv,frc5429,28,22,-1,-1,0,0
nvlv,frc7077,29,36,-1,-1,0,5
nvlv,frc6519,30,26,-1,-1,0,0
nvlv,frc988,31,24,-1,-1,0,0
nvlv,frc2647,32,27,-1,-1,0,0
nvlv,frc3577,33,29,-1,-1,0,0
nvlv,frc4501,34,30,-1,-1,0,0
nvlv,frc5025,35,31,-1,-1,0,0
nvlv,frc6821,36,43,-1,-1,0,5
nvlv,frc2429,37,33,-1,-1,0,0
nvlv,frc3011,38,35,-1,-1,0,0
nvlv,frc5875,39,37,-1,-1,0,0
nvlv,frc4792,40,40,-1,-1,0,0
nvlv,frc6826,41,39,-1,-1,0,0
nvlv,frc6825,42,41,-1,-1,0,0
nvlv,frc7183,43,42,-1,-1,0,0
nvlv,frc5049,44,44,-1,-1,0,0
nyli,frc3646,1,1,1,1,30,0
nyli,frc469,2,10,1,2,30,0
nyli,frc533,3,2,2,1,20,5
nyli,frc2638,4,12,2,2,20,5
nyli,frc3624,5,6,5,1,10,10
nyli,frc2234,6,21,1,3,30,0
nyli,frc5016,7,25,6,2,10,10
nyli,frc296,8,7,6,1,10,0
nyli,frc5099,9,13,5,2,10,0
nyli,frc6423,10,18,2,3,20,0
nyli,frc3137,11,3,3,1,0,0
nyli,frc2869,12,9,7,2,0,8
nyli,frc514,13,5,3,2,0,0
nyli,frc358,14,4,4,1,0,0
nyli,frc871,15,15,4,2,0,5
nyli,frc2914,16,20,6,3,10,0
nyli,frc5659,17,8,7,1,0,0
nyli,frc271,18,19,8,2,0,5
nyli,frc1468,19,11,8,1,0,0
nyli,frc569,20,31,5,3,10,0
nyli,frc28,21,17,8,3,0,0
nyli,frc6806,22,16,3,3,0,5
nyli,frc709,23,14,-1,-1,0,5
nyli,frc6911,24,24,-1,-1,0,8
nyli,frc1546,25,27,7,3,0,0
nyli,frc2872,26,26,-1,-1,0,5
nyli,frc1803,27,28,4,3,0,0
nyli,frc564,28,30,-1,-1,0,5
nyli,frc6636,29,29,-1,-1,0,5
nyli,frc2027,30,22,-1,-1,0,0
nyli,frc2347,31,23,-1,-1,0,0
nyli,frc2161,32,35,-1,-1,0,5
nyli,frc522,33,32,-1,-1,0,0
nyli,frc352,34,33,-1,-1,0,0
nyli,frc6952,35,34,-1,-1,0,0
nyli2,frc1796,1,1,1,1,30,5
nyli2,frc3015,2,4,1,2,30,0
nyli2,frc3171,3,2,2,1,20,5
nyli2,frc870,4,3,2,2,20,5
nyli2,frc810,5,34,1,3,30,10
nyli2,frc287,6,5,3,1,10,5
nyli2,frc533,7,19,4,2,10,5
nyli2,frc263,8,8,3,2,10,0
nyli2,frc527,9,6,4,1,10,0
nyli2,frc1468,10,27,2,3,20,0
nyli2,frc2601,11,21,5,2,0,8
nyli2,frc353,12,7,5,1,0,0
nyli2,frc2872,13,16,4,3,10,0
nyli2,frc271,14,9,6,1,0,0
nyli2,frc6806,15,33,6,2,0,8
nyli2,frc329,16,15,8,3,0,5
nyli2,frc2875,17,10,7,1,0,0
nyli2,frc4458,18,22,3,3,10,0
nyli2,frc4050,19,14,6,3,0,5
nyli2,frc601,20,11,8,1,0,0
nyli2,frc369,21,12,7,3,0,0
nyli2,frc1635,22,20,8,2,0,0
nyli2,frc6746,23,13,8,0,0,5
nyli2,frc5736,24,31,7,2,0,0
nyli2,frc2641,25,26,5,3,0,0
nyli2,frc5806,26,25,-1,-1,0,5
nyli2,frc7201,27,29,-1,-1,0,5
nyli2,frc3950,28,32,-1,-1,0,5
nyli2,frc2487,29,17,3,0,0,0
nyli2,frc6422,30,18,-1,-1,0,0
nyli2,frc6232,31,35,-1,-1,0,5
nyli2,frc5599,32,24,-1,-1,0,0
nyli2,frc6636,33,23,-1,-1,0,0
nyli2,frc806,34,28,-1,-1,0,0
nyli2,frc334,35,30,-1,-1,0,0
nyli2,frc1751,36,37,-1,-1,0,0
nyli2,frc4567,37,38,-1,-1,0,0
nyli2,frc545,38,36,-1,-1,0,0
nyli2,frc1601,39,40,-1,-1,0,0
nyli2,frc496,40,39,-1,-1,0,0
nyli2,frc4006,41,41,-1,-1,0,0
nyli2,frc4528,42,43,-1,-1,0,0
nyli2,frc884,43,42,-1,-1,0,0
nyli2,frc1554,44,44,-1,-1,0,0
nyny,frc694,1,1,1,1,30,10
nyny,frc1796,2,2,1,2,30,5
nyny,frc333,3,3,2,1,20,5
nyny,frc369,4,12,2,2,20,5
nyny,frc354,5,5,4,1,10,5
nyny,frc395,6,11,4,2,10,5
nyny,frc1660,7,16,6,2,10,5
nyny,frc743,8,49,1,3,30,0
nyny,frc6590,9,20,2,3,20,0
nyny,frc3419,10,6,5,1,0,5
nyny,frc1880,11,4,3,1,0,0
nyny,frc6988,12,33,4,3,10,8
nyny,frc5665,13,22,3,2,0,5
nyny,frc6353,14,8,7,1,0,5
nyny,frc4263,15,14,6,3,10,0
nyny,frc6593,16,7,6,1,0,0
nyny,frc1155,17,13,5,2,0,0
nyny,frc5781,18,15,6,0,10,0
nyny,frc2579,19,9,8,1,0,0
nyny,frc334,20,10,8,2,0,0
nyny,frc4571,21,32,5,3,0,10
nyny,frc2344,22,19,7,2,0,0
nyny,frc5421,23,17,7,3,0,0
nyny,frc5599,24,30,8,3,0,0
nyny,frc5806,25,24,3,3,0,0
nyny,frc1230,26,18,-1,-1,0,0
nyny,frc2265,27,46,-1,-1,0,8
nyny,frc4012,28,21,-1,-1,0,0
nyny,frc3204,29,26,-1,-1,0,0
nyny,frc3760,30,25,-1,-1,0,0
nyny,frc640,31,23,-1,-1,0,0
nyny,frc1600,32,29,-1,-1,0,0
nyny,frc4299,33,28,-1,-1,0,0
nyny,frc5800,34,27,-1,-1,0,0
nyny,frc3004,35,31,-1,-1,0,0
nyny,frc5298,36,34,-1,-1,0,0
nyny,frc4383,37,37,-1,-1,0,0
nyny,frc4640,38,36,-1,-1,0,0
nyny,frc7036,39,35,-1,-1,0,0
nyny,frc2895,40,39,-1,-1,0,0
nyny,frc335,41,40,-1,-1,0,0
nyny,frc5891,42,38,-1,-1,0,0
nyny,frc6416,43,41,-1,-1,0,0
nyny,frc6873,44,51,-1,-1,0,5
nyny,frc371,45,44,-1,-1,0,0
nyny,frc6648,46,43,-1,-1,0,0
nyny,frc7272,47,42,-1,-1,0,0
nyny,frc4773,48,45,-1,-1,0,0
nyny,frc4856,49,47,-1,-1,0,0
nyny,frc7268,50,48,-1,-1,0,0
nyny,frc6195,51,50,-1,-1,0,0
nyro,frc340,1,1,1,1,30,5
nyro,frc1507,2,5,1,2,30,5
nyro,frc1559,3,2,2,1,20,0
nyro,frc5254,4,7,2,2,20,0
nyro,frc639,5,3,3,1,10,5
nyro,frc3015,6,17,3,2,10,10
nyro,frc3550,7,14,1,3,30,0
nyro,frc191,8,6,5,1,10,5
nyro,frc578,9,23,2,3,20,5
nyro,frc4361,10,21,5,2,10,0
nyro,frc4930,11,8,6,1,0,5
nyro,frc1511,12,4,4,1,0,0
nyro,frc1551,13,10,4,2,0,0
nyro,frc3951,14,20,5,3,10,0
nyro,frc3003,15,11,7,2,0,0
nyro,frc3838,16,9,7,1,0,0
nyro,frc3986,17,19,8,3,0,5
nyro,frc120,18,28,3,3,10,0
nyro,frc5590,19,12,8,1,0,0
nyro,frc1518,20,16,8,2,0,0
nyro,frc1660,21,15,-1,-1,0,8
nyro,frc1126,22,30,6,2,0,0
nyro,frc378,23,31,7,3,0,0
nyro,frc3799,24,26,6,3,0,0
nyro,frc6868,25,39,-1,-1,0,8
nyro,frc156,26,13,4,0,0,0
nyro,frc5030,27,18,-1,-1,0,0
nyro,frc6870,28,35,-1,-1,0,5
nyro,frc1405,29,37,4,3,0,0
nyro,frc2340,30,22,-1,-1,0,0
nyro,frc174,31,38,-1,-1,0,5
nyro,frc533,32,40,-1,-1,0,5
nyro,frc1450,33,24,-1,-1,0,0
nyro,frc5952,34,25,-1,-1,0,0
nyro,frc3173,35,29,-1,-1,0,0
nyro,frc7251,36,27,-1,-1,0,0
nyro,frc2228,37,45,-1,-1,0,5
nyro,frc4023,38,33,-1,-1,0,0
nyro,frc6892,39,32,-1,-1,0,0
nyro,frc3157,40,36,-1,-1,0,0
nyro,frc5947,41,34,-1,-1,0,0
nyro,frc6414,42,48,-1,-1,0,5
nyro,frc1585,43,42,-1,-1,0,0
nyro,frc6490,44,43,-1,-1,0,0
nyro,frc7033,45,41,-1,-1,0,0
nyro,frc271,46,44,-1,-1,0,0
nyro,frc1591,47,47,-1,-1,0,0
nyro,frc2544,48,46,-1,-1,0,0
nyro,frc3181,49,49,-1,-1,0,0
nyro,frc4093,50,50,-1,-1,0,0
nysu,frc1796,1,3,1,2,30,10
nysu,frc2590,2,1,1,1,30,5
nysu,frc694,3,2,2,1,20,0
nysu,frc2601,4,13,2,2,20,5
nysu,frc6880,5,4,3,1,10,8
nysu,frc354,6,5,3,2,10,5
nysu,frc4122,7,6,4,1,10,5
nysu,frc2875,8,8,4,2,10,5
nysu,frc6401,9,18,1,3,30,0
nysu,frc6911,10,10,7,1,0,5
nysu,frc6806,11,34,2,3,20,0
nysu,frc5016,12,36,3,3,10,10
nysu,frc7004,13,7,5,1,0,0
nysu,frc395,14,9,6,1,0,0
nysu,frc3419,15,16,8,2,0,5
nysu,frc353,16,14,5,2,0,0
nysu,frc229,17,12,6,2,0,0
nysu,frc369,18,11,8,1,0,0
nysu,frc5865,19,17,7,2,0,0
nysu,frc5202,20,30,4,3,10,0
nysu,frc1155,21,32,8,3,0,5
nysu,frc2869,22,19,7,3,0,0
nysu,frc4091,23,15,6,3,0,0
nysu,frc4707,24,22,3,0,0,5
nysu,frc3950,25,25,5,3,0,0
nysu,frc329,26,37,-1,-1,0,8
nysu,frc2579,27,20,7,0,0,0
nysu,frc5943,28,23,-1,-1,0,0
nysu,frc6601,29,24,-1,-1,0,0
nysu,frc7318,30,21,4,0,0,0
nysu,frc4571,31,35,-1,-1,0,5
nysu,frc2265,32,26,-1,-1,0,0
nysu,frc5123,33,27,-1,-1,0,0
nysu,frc1880,34,29,-1,-1,0,0
nysu,frc7016,35,28,-1,-1,0,0
nysu,frc6969,36,31,-1,-1,0,0
nysu,frc3017,37,33,-1,-1,0,0
nysu,frc806,38,38,-1,-1,0,0
nysu,frc6982,39,39,-1,-1,0,0
nysu,frc5298,40,40,-1,-1,0,0
nytr,frc1156,1,14,2,2,30,10
nytr,frc1493,2,2,2,1,30,0
nytr,frc2791,3,1,1,1,20,5
nytr,frc20,4,6,1,2,20,0
nytr,frc4458,5,19,2,3,30,5
nytr,frc3990,6,3,3,1,10,5
nytr,frc3996,7,8,3,2,10,5
nytr,frc3117,8,5,5,1,10,5
nytr,frc3360,9,11,5,2,10,5
nytr,frc3624,10,22,1,3,20,5
nytr,frc3044,11,4,4,1,0,5
nytr,frc333,12,9,6,2,0,5
nytr,frc1860,13,12,4,2,0,0
nytr,frc6621,14,7,6,1,0,0
nytr,frc2013,15,15,8,1,0,5
nytr,frc6300,16,10,7,1,0,0
nytr,frc5964,17,21,3,3,10,0
nytr,frc6484,18,13,7,2,0,0
nytr,frc5202,19,30,5,3,10,0
nytr,frc4508,20,16,8,2,0,0
nytr,frc250,21,27,8,3,0,5
nytr,frc358,22,17,7,3,0,0
nytr,frc5123,23,20,1,0,0,8
nytr,frc229,24,18,6,3,0,0
nytr,frc7027,25,32,-1,-1,0,8
nytr,frc1665,26,24,4,3,0,0
nytr,frc7031,27,29,-1,-1,0,5
nytr,frc7030,28,23,-1,-1,0,0
nytr,frc5943,29,26,-1,-1,0,0
nytr,frc6463,30,25,-1,-1,0,0
nytr,frc5659,31,28,-1,-1,0,0
nytr,frc5881,32,31,-1,-1,0,0
nytr,frc743,33,33,-1,-1,0,0
nytr,frc5149,34,34,-1,-1,0,0
nytr,frc4203,35,35,-1,-1,0,0
nyut,frc2791,1,1,1,1,30,5
nyut,frc340,2,3,1,2,30,0
nyut,frc5254,3,4,3,1,20,0
nyut,frc319,4,7,3,2,20,0
nyut,frc4253,5,2,2,1,10,5
nyut,frc694,6,5,2,2,10,0
nyut,frc3003,7,6,4,1,10,0
nyut,frc639,8,20,4,2,10,5
nyut,frc3044,9,8,5,1,0,8
nyut,frc5030,10,34,1,3,25,5
nyut,frc2016,11,22,4,3,10,10
nyut,frc145,12,9,6,1,0,5
nyut,frc358,13,30,3,3,20,0
nyut,frc20,14,11,6,2,0,5
nyut,frc27,15,16,5,2,0,5
nyut,frc6422,16,12,8,1,0,5
nyut,frc7081,17,13,1,0,5,8
nyut,frc527,18,10,7,1,0,0
nyut,frc810,19,17,2,3,10,0
nyut,frc191,20,24,7,2,0,5
nyut,frc4027,21,14,7,3,0,0
nyut,frc250,22,23,8,2,0,0
nyut,frc378,23,18,6,3,0,0
nyut,frc4122,24,27,-1,-1,0,10
nyut,frc5484,25,25,8,3,0,0
nyut,frc287,26,19,5,3,0,0
nyut,frc1665,27,15,-1,-1,0,0
nyut,frc1518,28,21,-1,-1,0,0
nyut,frc223,29,26,-1,-1,0,0
nyut,frc514,30,28,-1,-1,0,0
nyut,frc3173,31,29,-1,-1,0,0
nyut,frc1450,32,31,-1,-1,0,0
nyut,frc6621,33,32,-1,-1,0,0
nyut,frc6300,34,33,-1,-1,0,0
nyut,frc2053,35,35,-1,-1,0,0
ohcl,frc379,1,2,2,1,20,10
ohcl,frc4145,2,4,4,1,30,0
ohcl,frc3314,3,6,4,2,30,0
ohcl,frc291,4,12,2,2,20,5
ohcl,frc5030,5,13,4,3,30,0
ohcl,frc1592,6,3,3,1,10,5
ohcl,frc4150,7,1,1,1,10,0
ohcl,frc2614,8,10,1,2,10,5
ohcl,frc1126,9,9,3,2,10,0
ohcl,frc2783,10,5,5,1,0,10
ohcl,frc6490,11,29,2,3,20,0
ohcl,frc1405,12,7,6,1,0,0
ohcl,frc1507,13,8,7,1,0,0
ohcl,frc120,14,20,5,2,0,0
ohcl,frc4020,15,14,7,2,0,0
ohcl,frc1014,16,11,8,1,0,0
ohcl,frc4121,17,16,2,0,0,10
ohcl,frc1317,18,18,8,2,0,0
ohcl,frc4611,19,31,6,2,0,0
ohcl,frc6027,20,19,8,3,0,0
ohcl,frc2399,21,36,1,3,10,0
ohcl,frc3324,22,46,3,3,10,0
ohcl,frc3266,23,21,7,3,0,0
ohcl,frc3138,24,41,6,3,0,5
ohcl,frc648,25,22,-1,-1,0,5
ohcl,frc5413,26,35,-1,-1,0,8
ohcl,frc6964,27,34,-1,-1,0,8
ohcl,frc4085,28,26,5,3,0,0
ohcl,frc3814,29,30,-1,-1,0,5
ohcl,frc1248,30,15,3,0,0,0
ohcl,frc4601,31,17,-1,-1,0,0
ohcl,frc6916,32,39,-1,-1,0,5
ohcl,frc2172,33,24,-1,-1,0,0
ohcl,frc3484,34,23,-1,-1,0,0
ohcl,frc1590,35,27,-1,-1,0,0
ohcl,frc7043,36,25,-1,-1,0,0
ohcl,frc7165,37,28,-1,-1,0,0
ohcl,frc2340,38,32,-1,-1,0,0
ohcl,frc7055,39,33,-1,-1,0,0
ohcl,frc6355,40,52,-1,-1,0,5
ohcl,frc3591,41,40,-1,-1,0,0
ohcl,frc4119,42,37,-1,-1,0,0
ohcl,frc4780,43,38,-1,-1,0,0
ohcl,frc2228,44,43,-1,-1,0,0
ohcl,frc451,45,44,-1,-1,0,0
ohcl,frc5973,46,42,-1,-1,0,0
ohcl,frc5418,47,47,-1,-1,0,0
ohcl,frc695,48,45,-1,-1,0,0
ohcl,frc2010,49,49,-1,-1,0,0
ohcl,frc5667,50,48,-1,-1,0,0
ohcl,frc6936,51,50,-1,-1,0,0
ohcl,frc1758,52,51,-1,-1,0,0
ohcl,frc6460,53,53,-1,-1,0,0
ohcl,frc3193,54,54,-1,-1,0,0
ohcl,frc6181,55,55,-1,-1,0,0
ohmv,frc302,1,5,4,1,30,5
ohmv,frc4362,2,16,4,2,30,5
ohmv,frc3504,3,3,2,1,20,5
ohmv,frc4028,4,22,2,2,20,5
ohmv,frc291,5,2,1,2,10,5
ohmv,frc379,6,1,1,1,10,5
ohmv,frc3397,7,24,4,3,30,0
ohmv,frc4145,8,8,3,2,10,5
ohmv,frc3010,9,4,3,1,10,0
ohmv,frc5811,10,50,2,3,20,5
ohmv,frc5740,11,14,8,3,0,8
ohmv,frc4611,12,6,5,1,0,0
ohmv,frc1317,13,10,5,2,0,0
ohmv,frc677,14,7,6,1,0,0
ohmv,frc554,15,11,6,2,0,0
ohmv,frc3777,16,9,7,1,0,0
ohmv,frc1014,17,15,1,3,10,0
ohmv,frc3484,18,12,8,1,0,0
ohmv,frc1466,19,19,8,2,0,0
ohmv,frc4521,20,42,3,3,10,0
ohmv,frc247,21,13,5,3,0,0
ohmv,frc3324,22,40,-1,-1,0,10
ohmv,frc6032,23,45,7,2,0,0
ohmv,frc4085,24,28,7,3,0,0
ohmv,frc3940,25,21,-1,-1,0,5
ohmv,frc6936,26,35,-1,-1,0,8
ohmv,frc5413,27,30,-1,-1,0,5
ohmv,frc63,28,17,-1,-1,0,0
ohmv,frc279,29,49,6,3,0,0
ohmv,frc1038,30,18,-1,-1,0,0
ohmv,frc6084,31,20,-1,-1,0,0
ohmv,frc144,32,25,-1,-1,0,0
ohmv,frc48,33,23,-1,-1,0,0
ohmv,frc868,34,26,-1,-1,0,0
ohmv,frc337,35,48,-1,-1,0,5
ohmv,frc1559,36,27,-1,-1,0,0
ohmv,frc6460,37,31,-1,-1,0,0
ohmv,frc6765,38,29,-1,-1,0,0
ohmv,frc2172,39,33,-1,-1,0,0
ohmv,frc234,40,32,-1,-1,0,0
ohmv,frc3138,41,36,-1,-1,0,0
ohmv,frc3492,42,34,-1,-1,0,0
ohmv,frc2252,43,37,-1,-1,0,0
ohmv,frc2399,44,38,-1,-1,0,0
ohmv,frc4467,45,39,-1,-1,0,0
ohmv,frc1675,46,41,-1,-1,0,0
ohmv,frc3193,47,43,-1,-1,0,0
ohmv,frc4283,48,44,-1,-1,0,0
ohmv,frc6834,49,59,-1,-1,0,5
ohmv,frc4121,50,47,-1,-1,0,0
ohmv,frc4284,51,46,-1,-1,0,0
ohmv,frc3260,52,52,-1,-1,0,0
ohmv,frc3266,53,51,-1,-1,0,0
ohmv,frc2603,54,55,-1,-1,0,0
ohmv,frc3201,55,53,-1,-1,0,0
ohmv,frc3844,56,54,-1,-1,0,0
ohmv,frc128,57,56,-1,-1,0,0
ohmv,frc451,58,57,-1,-1,0,0
ohmv,frc5492,59,58,-1,-1,0,0
ohmv,frc6927,60,60,-1,-1,0,0
ohmv,frc5667,61,61,-1,-1,0,0
okok,frc1806,1,5,1,2,30,5
okok,frc2352,2,1,1,1,30,0
okok,frc3593,3,4,3,1,20,5
okok,frc3478,4,6,3,2,20,0
okok,frc932,5,32,1,3,30,5
okok,frc1939,6,10,7,1,10,8
okok,frc1296,7,2,2,1,0,5
okok,frc1987,8,3,2,2,0,5
okok,frc2359,9,8,5,1,10,0
okok,frc5930,10,18,5,2,10,0
okok,frc3931,11,11,7,2,10,0
okok,frc6026,12,29,3,3,20,0
okok,frc3160,13,12,6,2,0,5
okok,frc5550,14,7,4,1,0,0
okok,frc2335,15,13,8,1,0,5
okok,frc2765,16,9,6,1,0,0
okok,frc1561,17,23,4,2,0,0
okok,frc3660,18,49,7,3,10,0
okok,frc3284,19,31,8,3,0,5
okok,frc1209,20,42,5,3,10,0
okok,frc2333,21,14,8,2,0,0
okok,frc2341,22,22,-1,-1,0,10
okok,frc3179,23,16,-1,-1,0,5
okok,frc5801,24,25,6,3,0,0
okok,frc5098,25,17,2,3,0,0
okok,frc2395,26,15,4,0,0,0
okok,frc2773,27,20,-1,-1,0,0
okok,frc4523,28,19,-1,-1,0,0
okok,frc5212,29,21,-1,-1,0,0
okok,frc6891,30,53,-1,-1,0,8
okok,frc5578,31,24,-1,-1,0,0
okok,frc6900,32,26,-1,-1,0,0
okok,frc1750,33,30,-1,-1,0,0
okok,frc2795,34,27,-1,-1,0,0
okok,frc3247,35,28,-1,-1,0,0
okok,frc3152,36,36,-1,-1,0,0
okok,frc3163,37,35,-1,-1,0,0
okok,frc3612,38,33,-1,-1,0,0
okok,frc5621,39,34,-1,-1,0,0
okok,frc6809,40,54,-1,-1,0,5
okok,frc1448,41,39,-1,-1,0,0
okok,frc2354,42,37,-1,-1,0,0
okok,frc2373,43,38,-1,-1,0,0
okok,frc2398,44,40,-1,-1,0,0
okok,frc1785,45,45,-1,-1,0,0
okok,frc2424,46,43,-1,-1,0,0
okok,frc31,47,41,-1,-1,0,0
okok,frc3507,48,44,-1,-1,0,0
okok,frc5437,49,58,-1,-1,0,5
okok,frc2461,50,59,4,3,0,0
okok,frc4005,51,47,-1,-1,0,0
okok,frc5730,52,46,-1,-1,0,0
okok,frc6730,53,48,-1,-1,0,0
okok,frc2165,54,52,-1,-1,0,0
okok,frc5611,55,50,-1,-1,0,0
okok,frc6464,56,51,-1,-1,0,0
okok,frc3465,57,61,-1,-1,0,5
okok,frc4933,58,55,-1,-1,0,0
okok,frc2986,59,56,-1,-1,0,0
okok,frc3498,60,57,-1,-1,0,0
okok,frc3457,61,60,-1,-1,0,0
paca,frc303,1,2,2,1,30,5
paca,frc4027,2,16,2,2,30,0
paca,frc4145,3,6,5,1,20,0
paca,frc5472,4,7,5,2,20,0
paca,frc337,5,15,5,3,20,8
paca,frc2252,6,8,6,1,10,5
paca,frc3504,7,24,6,2,10,10
paca,frc4028,8,1,1,1,0,5
paca,frc6032,9,35,2,3,30,0
paca,frc5811,10,12,8,1,10,5
paca,frc3260,11,13,8,3,10,5
paca,frc217,12,3,1,2,0,0
paca,frc5842,13,14,8,2,10,0
paca,frc3492,14,4,3,1,0,0
paca,frc3171,15,5,4,1,0,0
paca,frc4522,16,10,3,2,0,0
paca,frc870,17,9,4,2,0,0
paca,frc3954,18,11,7,1,0,0
paca,frc4467,19,18,7,3,0,5
paca,frc2053,20,38,6,3,10,0
paca,frc4521,21,17,7,2,0,0
paca,frc48,22,25,3,3,0,5
paca,frc2656,23,33,4,3,0,5
paca,frc7274,24,19,-1,-1,0,5
paca,frc1787,25,28,-1,-1,0,5
paca,frc4930,26,30,-1,-1,0,5
paca,frc6947,27,41,-1,-1,0,8
paca,frc3061,28,37,-1,-1,0,5
paca,frc1308,29,22,-1,-1,0,0
paca,frc156,30,20,-1,-1,0,0
paca,frc6054,31,21,-1,-1,0,0
paca,frc5740,32,27,1,3,0,0
paca,frc1708,33,23,-1,-1,0,0
paca,frc945,34,26,-1,-1,0,0
paca,frc4050,35,31,-1,-1,0,0
paca,frc4150,36,29,-1,-1,0,0
paca,frc117,37,34,-1,-1,0,0
paca,frc4991,38,32,-1,-1,0,0
paca,frc3957,39,36,-1,-1,0,0
paca,frc2603,40,39,-1,-1,0,0
paca,frc3511,41,40,-1,-1,0,0
paca,frc2051,42,43,-1,-1,0,0
paca,frc2641,43,42,-1,-1,0,0
paca,frc3955,44,44,-1,-1,0,0
paca,frc3062,45,46,-1,-1,0,0
paca,frc4269,46,47,-1,-1,0,0
paca,frc6414,47,45,-1,-1,0,0
paca,frc4049,48,48,-1,-1,0,0
paca,frc7165,49,49,-1,-1,0,0
paca,frc1743,50,50,-1,-1,0,0
paca,frc4547,51,51,-1,-1,0,0
paca,frc5077,52,52,-1,-1,0,0
qcmo,frc3990,1,1,1,1,30,5
qcmo,frc359,2,2,1,2,30,5
qcmo,frc1772,3,4,2,2,20,10
qcmo,frc5528,4,3,2,1,20,5
qcmo,frc3360,5,6,4,1,10,10
qcmo,frc6869,6,13,1,3,30,0
qcmo,frc7162,7,5,3,1,10,0
qcmo,frc3996,8,22,3,2,10,0
qcmo,frc7116,9,27,4,2,10,0
qcmo,frc6929,10,8,6,1,0,5
qcmo,frc3386,11,19,3,3,10,5
qcmo,frc5910,12,11,8,1,0,5
qcmo,frc4947,13,7,5,1,0,0
qcmo,frc5618,14,9,5,2,0,0
qcmo,frc5443,15,49,2,3,20,0
qcmo,frc6823,16,18,4,3,10,0
qcmo,frc5865,17,29,6,2,0,5
qcmo,frc3379,18,10,7,1,0,0
qcmo,frc3986,19,32,7,2,0,5
qcmo,frc5179,20,20,8,2,0,0
qcmo,frc5439,21,16,8,3,0,0
qcmo,frc6902,22,17,-1,-1,0,8
qcmo,frc4942,23,21,7,3,0,0
qcmo,frc6851,24,14,-1,-1,0,5
qcmo,frc4952,25,28,6,3,0,0
qcmo,frc6953,26,12,-1,-1,0,0
qcmo,frc5553,27,44,-1,-1,0,8
qcmo,frc7053,28,15,-1,-1,0,0
qcmo,frc3975,29,36,-1,-1,0,5
qcmo,frc4594,30,23,-1,-1,0,0
qcmo,frc6872,31,24,-1,-1,0,0
qcmo,frc3117,32,47,5,3,0,0
qcmo,frc2626,33,26,-1,-1,0,0
qcmo,frc5440,34,25,-1,-1,0,0
qcmo,frc296,35,31,-1,-1,0,0
qcmo,frc4955,36,30,-1,-1,0,0
qcmo,frc11,37,34,-1,-1,0,0
qcmo,frc3533,38,33,-1,-1,0,0
qcmo,frc5994,39,35,-1,-1,0,0
qcmo,frc4950,40,38,-1,-1,0,0
qcmo,frc4957,41,40,-1,-1,0,0
qcmo,frc6622,42,39,-1,-1,0,0
qcmo,frc6847,43,37,-1,-1,0,0
qcmo,frc3544,44,43,-1,-1,0,0
qcmo,frc3550,45,41,-1,-1,0,0
qcmo,frc5095,46,42,-1,-1,0,0
qcmo,frc3387,47,46,-1,-1,0,0
qcmo,frc6540,48,45,-1,-1,0,0
qcmo,frc3981,49,48,-1,-1,0,0
qcmo,frc5570,50,50,-1,-1,0,0
qcmo,frc3532,51,52,-1,-1,0,0
qcmo,frc3988,52,51,-1,-1,0,0
qcmo,frc5952,53,53,-1,-1,0,0
qcmo,frc3985,54,54,-1,-1,0,0
qcmo,frc6541,55,55,-1,-1,0,0
scmb,frc2614,1,9,5,2,30,5
scmb,frc5472,2,7,5,1,30,0
scmb,frc125,3,4,3,1,20,5
scmb,frc343,4,5,3,2,20,0
scmb,frc4451,5,2,1,2,10,5
scmb,frc1876,6,1,1,1,10,0
scmb,frc3641,7,8,2,2,10,5
scmb,frc3140,8,16,5,0,25,5
scmb,frc3824,9,3,2,1,10,0
scmb,frc5317,10,26,3,3,20,0
scmb,frc1051,11,6,4,1,0,0
scmb,frc4481,12,24,8,3,0,10
scmb,frc1923,13,18,4,2,0,0
scmb,frc4020,14,10,6,1,0,0
scmb,frc2383,15,14,5,3,5,0
scmb,frc1553,16,11,7,1,0,0
scmb,frc3489,17,33,7,2,0,5
scmb,frc342,18,21,1,3,10,0
scmb,frc263,19,22,6,2,0,0
scmb,frc1758,20,12,8,1,0,0
scmb,frc4965,21,20,-1,-1,0,10
scmb,frc6366,22,25,8,2,0,0
scmb,frc4582,23,15,6,3,0,0
scmb,frc1539,24,13,4,3,0,0
scmb,frc2152,25,17,-1,-1,0,5
scmb,frc4823,26,52,2,3,10,0
scmb,frc1287,27,38,7,3,0,0
scmb,frc3490,28,27,-1,-1,0,5
scmb,frc4013,29,41,-1,-1,0,8
scmb,frc7097,30,31,-1,-1,0,5
scmb,frc281,31,19,-1,-1,0,0
scmb,frc4074,32,23,-1,-1,0,0
scmb,frc1319,33,29,-1,-1,0,0
scmb,frc283,34,30,-1,-1,0,0
scmb,frc5022,35,28,-1,-1,0,0
scmb,frc5327,36,32,-1,-1,0,0
scmb,frc4075,37,36,-1,-1,0,0
scmb,frc4243,38,34,-1,-1,0,0
scmb,frc4267,39,35,-1,-1,0,0
scmb,frc7085,40,37,-1,-1,0,0
scmb,frc900,41,57,-1,-1,0,5
scmb,frc3651,42,40,-1,-1,0,0
scmb,frc6626,43,42,-1,-1,0,0
scmb,frc6961,44,39,-1,-1,0,0
scmb,frc1398,45,46,-1,-1,0,0
scmb,frc3410,46,43,-1,-1,0,0
scmb,frc4083,47,47,-1,-1,0,0
scmb,frc4265,48,45,-1,-1,0,0
scmb,frc5130,49,44,-1,-1,0,0
scmb,frc2393,50,51,-1,-1,0,0
scmb,frc4073,51,48,-1,-1,0,0
scmb,frc5410,52,49,-1,-1,0,0
scmb,frc6693,53,50,-1,-1,0,0
scmb,frc1369,54,55,-1,-1,0,0
scmb,frc2187,55,54,-1,-1,0,0
scmb,frc4748,56,53,-1,-1,0,0
scmb,frc4847,57,58,-1,-1,0,0
scmb,frc6167,58,56,-1,-1,0,0
scmb,frc2815,59,59,-1,-1,0,0
scmb,frc5777,60,60,-1,-1,0,0
scmb,frc4504,61,62,-1,-1,0,0
scmb,frc5063,62,61,-1,-1,0,0
scmb,frc3976,63,63,-1,-1,0,0
scmb,frc6222,64,64,-1,-1,0,0
shmi,frc6907,1,1,1,1,30,5
shmi,frc5883,2,2,1,2,30,5
shmi,frc6803,3,3,2,1,20,5
shmi,frc5839,4,6,2,2,20,5
shmi,frc6941,5,17,1,3,30,5
shmi,frc5823,6,5,4,1,10,5
shmi,frc6304,7,10,6,2,10,5
shmi,frc5453,8,23,4,2,10,5
shmi,frc5451,9,8,6,1,10,0
shmi,frc6970,10,14,2,3,20,0
shmi,frc6487,11,19,6,3,10,5
shmi,frc7047,12,7,5,1,0,5
shmi,frc6394,13,4,3,1,0,0
shmi,frc5515,14,20,7,2,0,10
shmi,frc6353,15,13,8,1,0,8
shmi,frc6361,16,9,3,2,0,0
shmi,frc6827,17,11,5,2,0,0
shmi,frc6386,18,21,8,2,0,5
shmi,frc6949,19,12,7,1,0,0
shmi,frc6991,20,28,4,3,10,0
shmi,frc6392,21,15,7,3,0,0
shmi,frc6940,22,22,8,3,0,0
shmi,frc6771,23,16,5,3,0,0
shmi,frc6990,24,18,3,3,0,0
shmi,frc7134,25,35,-1,-1,0,8
shmi,frc7001,26,36,-1,-1,0,5
shmi,frc6354,27,26,-1,-1,0,0
shmi,frc6360,28,25,7,0,0,0
shmi,frc6441,29,24,8,0,0,0
shmi,frc6433,30,29,-1,-1,0,0
shmi,frc7002,31,27,-1,-1,0,0
shmi,frc6362,32,30,-1,-1,0,0
shmi,frc6967,33,31,-1,-1,0,0
shmi,frc6986,34,32,-1,-1,0,0
shmi,frc6494,35,34,-1,-1,0,0
shmi,frc7146,36,33,-1,-1,0,0
shmi,frc6399,37,38,-1,-1,0,0
shmi,frc6818,38,37,-1,-1,0,0
shmi,frc6376,39,40,-1,-1,0,0
shmi,frc7242,40,39,-1,-1,0,0
shmi,frc6971,41,41,-1,-1,0,0
shmi,frc5308,42,43,-1,-1,0,0
shmi,frc6997,43,42,-1,-1,0,0
shmi,frc6018,44,44,-1,-1,0,0
tnkn,frc2614,1,1,1,1,30,5
tnkn,frc4265,2,8,1,2,30,8
tnkn,frc3489,3,2,2,1,20,5
tnkn,frc3959,4,7,2,2,20,5
tnkn,frc3140,5,4,4,1,10,5
tnkn,frc5492,6,3,3,1,10,0
tnkn,frc4306,7,29,1,3,30,0
tnkn,frc3824,8,12,3,2,10,0
tnkn,frc744,9,13,4,2,10,0
tnkn,frc1466,10,14,2,3,20,0
tnkn,frc5508,11,5,5,1,0,5
tnkn,frc6517,12,10,7,1,0,5
tnkn,frc3490,13,6,5,2,0,0
tnkn,frc3966,14,11,8,1,0,5
tnkn,frc2638,15,21,5,3,0,10
tnkn,frc4264,16,9,6,1,0,0
tnkn,frc343,17,16,7,3,0,5
tnkn,frc4013,18,31,6,3,0,10
tnkn,frc108,19,32,4,3,10,0
tnkn,frc4504,20,33,3,3,10,0
tnkn,frc144,21,34,8,3,0,5
tnkn,frc1038,22,24,8,2,0,0
tnkn,frc2393,23,30,7,2,0,0
tnkn,frc4576,24,43,6,2,0,0
tnkn,frc6928,25,26,-1,-1,0,5
tnkn,frc6846,26,42,-1,-1,0,8
tnkn,frc2190,27,17,-1,-1,0,0
tnkn,frc2973,28,15,-1,-1,0,0
tnkn,frc4462,29,18,-1,-1,0,0
tnkn,frc4083,30,20,-1,-1,0,0
tnkn,frc4284,31,19,-1,-1,0,0
tnkn,frc4630,32,22,-1,-1,0,0
tnkn,frc283,33,25,-1,-1,0,0
tnkn,frc6302,34,23,-1,-1,0,0
tnkn,frc5005,35,27,-1,-1,0,0
tnkn,frc6858,36,28,-1,-1,0,0
tnkn,frc1293,37,37,-1,-1,0,0
tnkn,frc5022,38,35,-1,-1,0,0
tnkn,frc6654,39,36,-1,-1,0,0
tnkn,frc3821,40,40,-1,-1,0,0
tnkn,frc5186,41,38,-1,-1,0,0
tnkn,frc6157,42,39,-1,-1,0,0
tnkn,frc4764,43,41,-1,-1,0,0
tnkn,frc538,44,44,-1,-1,0,0
tnkn,frc6219,45,45,-1,-1,0,0
tnkn,frc2856,46,46,-1,-1,0,0
tnkn,frc5002,47,47,-1,-1,0,0
tnkn,frc3201,48,48,-1,-1,0,0
tnkn,frc3984,49,49,-1,-1,0,0
tnkn,frc5744,50,50,-1,-1,0,0
tuis,frc6429,1,1,1,1,30,10
tuis,frc7140,2,4,1,2,30,5
tuis,frc6985,3,3,2,1,20,0
tuis,frc4191,4,7,3,2,10,8
tuis,frc6415,5,5,3,1,10,5
tuis,frc6014,6,8,2,2,10,5
tuis,frc7293,7,20,1,3,30,0
tuis,frc6038,8,6,4,1,10,0
tuis,frc7239,9,24,4,2,10,5
tuis,frc7295,10,21,2,3,20,0
tuis,frc5655,11,28,3,3,10,10
tuis,frc6838,12,22,7,2,0,8
tuis,frc6303,13,13,4,3,10,0
tuis,frc2905,14,17,6,2,0,5
tuis,frc7297,15,9,5,1,0,0
tuis,frc7291,16,26,5,2,0,5
tuis,frc7071,17,10,6,1,0,0
tuis,frc7070,18,11,7,1,0,0
tuis,frc7086,19,12,8,1,0,0
tuis,frc6436,20,25,8,3,0,5
tuis,frc7035,21,19,2,0,10,0
tuis,frc7010,22,14,8,2,0,0
tuis,frc6697,23,15,7,3,0,0
tuis,frc3646,24,2,-1,-1,0,0
tuis,frc6989,25,16,6,3,0,0
tuis,frc7296,26,18,5,3,0,0
tuis,frc6232,27,27,4,0,0,5
tuis,frc5665,28,30,-1,-1,0,5
tuis,frc7108,29,23,-1,-1,0,0
tuis,frc7227,30,35,-1,-1,0,5
tuis,frc6064,31,29,-1,-1,0,0
tuis,frc7294,32,32,-1,-1,0,0
tuis,frc7298,33,31,-1,-1,0,0
tuis,frc5558,34,33,-1,-1,0,0
tuis,frc7290,35,34,-1,-1,0,0
tuis,frc7228,36,36,-1,-1,0,0
tuis,frc7292,37,37,-1,-1,0,0
txda,frc118,1,2,1,2,30,5
txda,frc148,2,1,1,1,30,5
txda,frc3005,3,3,2,1,20,5
txda,frc2848,4,4,2,2,20,5
txda,frc3179,5,8,5,1,10,5
txda,frc2333,6,5,3,1,10,0
txda,frc7179,7,13,5,2,10,5
txda,frc3802,8,6,3,2,10,0
txda,frc2789,9,36,1,3,30,0
txda,frc1296,10,12,4,2,0,10
txda,frc2723,11,18,2,3,20,0
txda,frc7303,12,15,3,3,10,8
txda,frc5431,13,7,4,1,0,5
txda,frc3593,14,10,6,2,0,5
txda,frc3355,15,9,6,1,0,0
txda,frc1255,16,29,5,3,10,0
txda,frc5889,17,11,7,1,0,0
txda,frc4206,18,14,8,1,0,0
txda,frc2341,19,32,-1,-1,0,13
txda,frc1477,20,47,7,2,0,5
txda,frc3676,21,16,8,3,0,0
txda,frc4192,22,22,8,2,0,0
txda,frc7120,23,21,-1,-1,0,5
txda,frc6672,24,26,4,3,0,0
txda,frc5417,25,55,6,3,0,5
txda,frc6655,26,17,7,0,0,0
txda,frc5242,27,19,-1,-1,0,0
txda,frc6321,28,20,-1,-1,0,0
txda,frc6171,29,53,7,3,0,0
txda,frc5212,30,23,-1,-1,0,0
txda,frc6526,31,25,-1,-1,0,0
txda,frc7091,32,24,-1,-1,0,0
txda,frc2805,33,27,-1,-1,0,0
txda,frc5682,34,30,-1,-1,0,0
txda,frc647,35,28,-1,-1,0,0
txda,frc4076,36,35,-1,-1,0,0
txda,frc6133,37,31,-1,-1,0,0
txda,frc6901,38,34,-1,-1,0,0
txda,frc7319,39,33,-1,-1,0,0
txda,frc2164,40,37,-1,-1,0,0
txda,frc5775,41,38,-1,-1,0,0
txda,frc5960,42,39,-1,-1,0,0
txda,frc6671,43,40,-1,-1,0,0
txda,frc1382,44,43,-1,-1,0,0
txda,frc3282,45,41,-1,-1,0,0
txda,frc6369,46,44,-1,-1,0,0
txda,frc7121,47,42,-1,-1,0,0
txda,frc3370,48,48,-1,-1,0,0
txda,frc5057,49,45,-1,-1,0,0
txda,frc6646,50,46,-1,-1,0,0
txda,frc1745,51,51,-1,-1,0,0
txda,frc3037,52,50,-1,-1,0,0
txda,frc7119,53,49,-1,-1,0,0
txda,frc3507,54,52,-1,-1,0,0
txda,frc6768,55,54,-1,-1,0,0
txda,frc5639,56,56,-1,-1,0,0
txda,frc6751,57,58,-1,-1,0,0
txda,frc7321,58,57,-1,-1,0,0
txda,frc5411,59,59,-1,-1,0,0
txda,frc7125,60,60,-1,-1,0,0
txel,frc3310,1,1,1,1,30,5
txel,frc624,2,2,1,2,30,5
txel,frc2468,3,4,3,1,20,5
txel,frc4183,4,3,2,1,10,5
txel,frc5431,5,5,4,1,10,5
txel,frc418,6,27,3,2,20,0
txel,frc3481,7,6,2,2,10,0
txel,frc4063,8,15,4,2,10,5
txel,frc5344,9,32,1,3,30,0
txel,frc3158,10,13,3,3,20,0
txel,frc6200,11,8,6,1,0,5
txel,frc6832,12,12,8,1,0,8
txel,frc4735,13,11,7,2,0,5
txel,frc6131,14,7,5,1,0,0
txel,frc5242,15,9,6,2,0,0
txel,frc5783,16,19,8,2,0,5
txel,frc6171,17,20,4,3,10,0
txel,frc3335,18,14,5,2,0,0
txel,frc1817,19,10,7,1,0,0
txel,frc7059,20,24,2,3,10,0
txel,frc6377,21,18,8,3,0,0
txel,frc6133,22,17,7,3,0,0
txel,frc6974,23,30,6,3,0,5
txel,frc6144,24,29,5,3,0,5
txel,frc5613,25,26,-1,-1,0,5
txel,frc2583,26,33,-1,-1,0,8
txel,frc4378,27,16,-1,-1,0,0
txel,frc1828,28,37,-1,-1,0,10
txel,frc2613,29,22,-1,-1,0,0
txel,frc6682,30,21,-1,-1,0,0
txel,frc1164,31,25,-1,-1,0,0
txel,frc3043,32,23,-1,-1,0,0
txel,frc3545,33,28,-1,-1,0,0
txel,frc5047,34,31,-1,-1,0,0
txel,frc3029,35,34,-1,-1,0,0
txel,frc5866,36,35,-1,-1,0,0
txel,frc3366,37,36,-1,-1,0,0
txho,frc1477,1,1,1,1,30,13
txho,frc4587,2,2,1,2,30,5
txho,frc7179,3,3,2,1,20,8
txho,frc5417,4,6,2,2,20,10
txho,frc5427,5,4,3,1,10,5
txho,frc3847,6,11,3,2,10,5
txho,frc6377,7,37,1,3,30,5
txho,frc3676,8,7,5,1,10,0
txho,frc6951,9,5,4,1,0,5
txho,frc4639,10,15,5,2,10,0
txho,frc5908,11,19,2,3,20,0
txho,frc2587,12,13,5,3,10,0
txho,frc192,13,10,8,1,0,5
txho,frc5414,14,14,8,2,0,5
txho,frc5986,15,8,6,1,0,0
txho,frc3735,16,18,7,2,0,5
txho,frc5892,17,17,3,3,10,0
txho,frc6321,18,12,6,2,0,0
txho,frc3999,19,9,7,1,0,0
txho,frc3335,20,24,6,3,0,5
txho,frc3103,21,31,4,2,0,0
txho,frc2881,22,28,7,3,0,5
txho,frc231,23,22,8,3,0,0
txho,frc441,24,25,4,3,0,0
txho,frc2585,25,16,4,0,0,0
txho,frc6727,26,20,-1,-1,0,0
txho,frc5261,27,21,-1,-1,0,0
txho,frc6488,28,23,-1,-1,0,0
txho,frc4328,29,27,-1,-1,0,0
txho,frc5829,30,26,-1,-1,0,0
txho,frc457,31,29,-1,-1,0,0
txho,frc6754,32,39,-1,-1,0,5
txho,frc3728,33,30,-1,-1,0,0
txho,frc4295,34,32,-1,-1,0,0
txho,frc2966,35,33,-1,-1,0,0
txho,frc653,36,34,-1,-1,0,0
txho,frc2950,37,36,-1,-1,0,0
txho,frc4694,38,35,-1,-1,0,0
txho,frc6547,39,38,-1,-1,0,0
txho,frc7115,40,40,-1,-1,0,0
txlu,frc1619,1,1,1,1,30,10
txlu,frc846,2,4,1,2,30,5
txlu,frc6672,3,5,3,1,20,5
txlu,frc1817,4,25,3,2,20,5
txlu,frc418,5,8,4,2,10,8
txlu,frc5572,6,2,2,1,10,0
txlu,frc3931,7,3,2,2,10,0
txlu,frc4717,8,6,4,1,10,0
txlu,frc4610,9,35,1,3,30,0
txlu,frc2657,10,15,3,3,20,0
txlu,frc4063,11,10,6,1,0,10
txlu,frc3526,12,9,5,2,0,5
txlu,frc3481,13,11,6,2,0,5
txlu,frc4219,14,7,5,1,0,0
txlu,frc6993,15,29,4,3,10,5
txlu,frc6800,16,21,7,3,0,8
txlu,frc5526,17,12,7,1,0,0
txlu,frc4355,18,13,7,2,0,0
txlu,frc2240,19,26,8,2,0,5
txlu,frc5052,20,14,8,1,0,0
txlu,frc5783,21,28,2,3,10,0
txlu,frc5866,22,17,8,3,0,0
txlu,frc2359,23,18,5,3,0,0
txlu,frc7271,24,20,-1,-1,0,5
txlu,frc3679,25,31,6,3,0,0
txlu,frc5312,26,16,4,0,0,0
txlu,frc4301,27,19,-1,-1,0,0
txlu,frc2283,28,34,-1,-1,0,5
txlu,frc3366,29,22,-1,-1,0,0
txlu,frc5613,30,24,-1,-1,0,0
txlu,frc6357,31,23,-1,-1,0,0
txlu,frc4364,32,27,-1,-1,0,0
txlu,frc6199,33,38,-1,-1,0,5
txlu,frc4734,34,32,-1,-1,0,0
txlu,frc4799,35,30,-1,-1,0,0
txlu,frc1642,36,33,-1,-1,0,0
txlu,frc2158,37,36,-1,-1,0,0
txlu,frc5888,38,37,-1,-1,0,0
txlu,frc3743,39,39,-1,-1,0,0
txlu,frc4641,40,40,-1,-1,0,0
txpa,frc624,1,1,1,1,30,5
txpa,frc118,2,2,1,2,30,5
txpa,frc4587,3,4,3,1,20,5
txpa,frc6800,4,6,3,2,20,5
txpa,frc1255,5,3,2,1,10,5
txpa,frc5414,6,7,4,2,10,10
txpa,frc1745,7,8,2,2,10,0
txpa,frc3802,8,5,4,1,10,0
txpa,frc6645,9,26,1,3,30,0
txpa,frc2881,10,9,5,1,0,5
txpa,frc3735,11,20,5,2,0,10
txpa,frc6111,12,10,6,1,0,5
txpa,frc4192,13,13,6,2,0,5
txpa,frc5829,14,28,3,3,20,0
txpa,frc7312,15,18,8,3,0,8
txpa,frc5427,16,14,8,2,0,5
txpa,frc6488,17,19,4,3,10,0
txpa,frc5923,18,11,7,1,0,0
txpa,frc6898,19,12,8,1,0,0
txpa,frc2882,20,17,7,2,0,0
txpa,frc2587,21,15,7,3,0,0
txpa,frc231,22,23,6,3,0,5
txpa,frc6369,23,29,2,3,10,0
txpa,frc3103,24,24,-1,-1,0,8
txpa,frc6363,25,22,5,3,0,0
txpa,frc2582,26,16,-1,-1,0,0
txpa,frc3834,27,21,-1,-1,0,0
txpa,frc5070,28,25,-1,-1,0,0
txpa,frc647,29,27,-1,-1,0,0
txpa,frc2897,30,30,-1,-1,0,0
txsa,frc3481,1,2,1,2,30,10
txsa,frc3847,2,1,1,1,30,5
txsa,frc5572,3,4,3,1,20,5
txsa,frc5986,4,5,3,2,20,0
txsa,frc4639,5,3,2,1,10,5
txsa,frc4063,6,7,2,2,10,5
txsa,frc457,7,8,5,1,10,0
txsa,frc3997,8,9,5,2,10,0
txsa,frc4219,9,22,3,3,20,0
txsa,frc3679,10,6,4,1,0,5
txsa,frc5726,11,51,1,3,30,0
txsa,frc5866,12,12,4,2,0,5
txsa,frc6357,13,13,8,1,0,8
txsa,frc6155,14,11,7,1,0,5
txsa,frc3345,15,17,6,2,0,5
txsa,frc3035,16,37,5,3,10,5
txsa,frc4206,17,10,6,1,0,0
txsa,frc5052,18,15,8,2,0,0
txsa,frc2723,19,25,6,3,0,5
txsa,frc3240,20,23,7,2,0,0
txsa,frc4734,21,36,2,3,10,0
txsa,frc4610,22,40,8,3,0,5
txsa,frc2158,23,20,7,3,0,0
txsa,frc6935,24,28,-1,-1,0,5
txsa,frc7264,25,14,-1,-1,0,0
txsa,frc5449,26,31,4,3,0,0
txsa,frc1642,27,16,-1,-1,0,0
txsa,frc5754,28,18,-1,-1,0,0
txsa,frc4694,29,19,-1,-1,0,0
txsa,frc6664,30,21,-1,-1,0,0
txsa,frc7063,31,47,-1,-1,0,8
txsa,frc5894,32,24,-1,-1,0,0
txsa,frc7138,33,26,-1,-1,0,0
txsa,frc5241,34,30,-1,-1,0,0
txsa,frc5681,35,29,-1,-1,0,0
txsa,frc6830,36,27,-1,-1,0,0
txsa,frc2721,37,34,-1,-1,0,0
txsa,frc6180,38,32,-1,-1,0,0
txsa,frc6315,39,33,-1,-1,0,0
txsa,frc4412,40,35,-1,-1,0,0
txsa,frc4332,41,39,-1,-1,0,0
txsa,frc6306,42,41,-1,-1,0,0
txsa,frc653,43,38,-1,-1,0,0
txsa,frc2461,44,44,-1,-1,0,0
txsa,frc5503,45,42,-1,-1,0,0
txsa,frc6684,46,43,-1,-1,0,0
txsa,frc7088,47,46,-1,-1,0,0
txsa,frc7093,48,45,-1,-1,0,0
txsa,frc5103,49,48,-1,-1,0,0
txsa,frc2969,50,49,-1,-1,0,0
txsa,frc3028,51,50,-1,-1,0,0
utwv,frc1678,1,1,1,1,30,5
utwv,frc399,2,16,1,2,30,5
utwv,frc3230,3,3,3,1,20,5
utwv,frc670,4,4,3,2,20,0
utwv,frc1339,5,2,2,1,10,5
utwv,frc2996,6,9,2,2,10,5
utwv,frc115,7,7,5,1,10,5
utwv,frc4944,8,11,5,2,10,5
utwv,frc1410,9,42,1,3,30,0
utwv,frc2468,10,6,4,2,0,5
utwv,frc3374,11,8,6,1,0,8
utwv,frc4550,12,5,4,1,0,0
utwv,frc159,13,47,3,3,20,0
utwv,frc1891,14,24,5,3,10,0
utwv,frc2972,15,15,2,3,10,0
utwv,frc3239,16,13,6,2,0,0
utwv,frc192,17,10,7,1,0,0
utwv,frc6411,18,12,8,1,0,0
utwv,frc4585,19,35,7,2,0,5
utwv,frc662,20,21,8,2,0,0
utwv,frc2576,21,30,-1,-1,0,10
utwv,frc5933,22,19,6,3,0,0
utwv,frc3289,23,27,7,3,0,0
utwv,frc3245,24,20,4,3,0,0
utwv,frc968,25,25,-1,-1,0,5
utwv,frc6844,26,40,-1,-1,0,8
utwv,frc2993,27,44,8,3,0,0
utwv,frc3200,28,14,-1,-1,0,0
utwv,frc1452,29,34,-1,-1,0,5
utwv,frc5461,30,18,-1,-1,0,0
utwv,frc6400,31,17,-1,-1,0,0
utwv,frc2594,32,22,-1,-1,0,0
utwv,frc3405,33,23,-1,-1,0,0
utwv,frc6717,34,26,-1,-1,0,0
utwv,frc2484,35,29,-1,-1,0,0
utwv,frc4598,36,31,-1,-1,0,0
utwv,frc5071,37,28,-1,-1,0,0
utwv,frc5159,38,33,-1,-1,0,0
utwv,frc6358,39,32,-1,-1,0,0
utwv,frc5974,40,36,-1,-1,0,0
utwv,frc6457,41,37,-1,-1,0,0
utwv,frc7151,42,38,-1,-1,0,0
utwv,frc3243,43,39,-1,-1,0,0
utwv,frc5871,44,41,-1,-1,0,0
utwv,frc6546,45,43,-1,-1,0,0
utwv,frc3166,46,46,-1,-1,0,0
utwv,frc5493,47,45,-1,-1,0,0
utwv,frc3006,48,48,-1,-1,0,0
utwv,frc3225,49,49,-1,-1,0,0
utwv,frc4348,50,50,-1,-1,0,0
utwv,frc3729,51,51,-1,-1,0,0
utwv,frc841,52,52,-1,-1,0,0
wila,frc1736,1,11,8,1,30,5
wila,frc2826,2,14,8,2,30,5
wila,frc4531,3,2,2,1,10,5
wila,frc2830,4,29,8,3,30,0
wila,frc4655,5,8,6,2,20,0
wila,frc6237,6,7,6,1,20,0
wila,frc7021,7,6,2,2,10,5
wila,frc930,8,4,4,1,10,5
wila,frc2169,9,37,6,3,20,10
wila,frc1986,10,1,1,1,0,8
wila,frc2194,11,9,4,2,10,0
wila,frc1756,12,13,1,2,0,5
wila,frc167,13,3,3,1,0,0
wila,frc1306,14,12,3,2,0,0
wila,frc2143,15,5,5,1,0,0
wila,frc4522,16,15,7,2,0,5
wila,frc5903,17,24,4,3,10,0
wila,frc3100,18,10,7,1,0,0
wila,frc3928,19,35,5,2,0,0
wila,frc5148,20,31,5,3,0,5
wila,frc537,21,52,2,3,10,5
wila,frc6630,22,16,1,3,0,5
wila,frc6424,23,28,7,3,0,0
wila,frc2062,24,23,-1,-1,0,5
wila,frc5464,25,22,-1,-1,0,5
wila,frc5914,26,17,3,3,0,0
wila,frc3055,27,19,-1,-1,0,0
wila,frc6613,28,18,-1,-1,0,0
wila,frc2498,29,21,-1,-1,0,0
wila,frc2977,30,20,-1,-1,0,0
wila,frc1775,31,27,-1,-1,0,0
wila,frc4021,32,25,-1,-1,0,0
wila,frc6217,33,26,-1,-1,0,0
wila,frc6574,34,30,-1,-1,0,0
wila,frc2530,35,33,-1,-1,0,0
wila,frc4011,36,32,-1,-1,0,0
wila,frc6913,37,34,-1,-1,0,0
wila,frc3381,38,36,-1,-1,0,0
wila,frc4247,39,38,-1,-1,0,0
wila,frc4624,40,39,-1,-1,0,0
wila,frc2077,41,42,-1,-1,0,0
wila,frc2506,42,41,-1,-1,0,0
wila,frc3206,43,40,-1,-1,0,0
wila,frc3090,44,43,-1,-1,0,0
wila,frc5003,45,44,-1,-1,0,0
wila,frc5586,46,45,-1,-1,0,0
wila,frc1091,47,46,-1,-1,0,0
wila,frc4762,48,47,-1,-1,0,0
wila,frc5339,49,48,-1,-1,0,0
wila,frc171,50,49,-1,-1,0,0
wila,frc5019,51,50,-1,-1,0,0
wila,frc6732,52,51,-1,-1,0,0
wila,frc6166,53,53,-1,-1,0,0
wimi,frc1259,1,1,1,1,30,5
wimi,frc2481,2,4,1,2,30,5
wimi,frc2194,3,21,7,2,20,5
wimi,frc1792,4,6,5,1,10,8
wimi,frc3197,5,8,7,1,20,0
wimi,frc4786,6,15,7,3,20,5
wimi,frc63,7,10,3,2,10,5
wimi,frc2202,8,3,3,1,10,0
wimi,frc6574,9,25,1,3,30,0
wimi,frc111,10,13,5,2,10,0
wimi,frc3130,11,2,2,1,0,0
wimi,frc323,12,9,2,2,0,0
wimi,frc3692,13,5,4,1,0,0
wimi,frc1675,14,20,5,3,10,0
wimi,frc4296,15,7,6,1,0,0
wimi,frc3418,16,24,3,3,10,0
wimi,frc279,17,14,6,2,0,0
wimi,frc93,18,16,6,3,0,5
wimi,frc930,19,28,4,2,0,0
wimi,frc269,20,11,8,1,0,0
wimi,frc1732,21,23,8,2,0,0
wimi,frc7103,22,34,2,3,0,8
wimi,frc1306,23,29,8,3,0,0
wimi,frc1108,24,18,-1,-1,0,5
wimi,frc3596,25,19,-1,-1,0,5
wimi,frc3381,26,37,-1,-1,0,10
wimi,frc5976,27,12,5,0,0,0
wimi,frc4247,28,17,-1,-1,0,0
wimi,frc5148,29,40,-1,-1,0,5
wimi,frc1781,30,22,-1,-1,0,0
wimi,frc537,31,54,4,3,0,5
wimi,frc2830,32,26,-1,-1,0,0
wimi,frc706,33,27,-1,-1,0,0
wimi,frc3081,34,31,-1,-1,0,0
wimi,frc5096,35,30,-1,-1,0,0
wimi,frc6421,36,32,-1,-1,0,0
wimi,frc1714,37,49,-1,-1,0,5
wimi,frc1091,38,33,-1,-1,0,0
wimi,frc2039,39,35,-1,-1,0,0
wimi,frc6651,40,36,-1,-1,0,0
wimi,frc6807,41,51,-1,-1,0,5
wimi,frc1716,42,39,-1,-1,0,0
wimi,frc5855,43,38,-1,-1,0,0
wimi,frc2077,44,43,-1,-1,0,0
wimi,frc2470,45,44,-1,-1,0,0
wimi,frc6223,46,42,-1,-1,0,0
wimi,frc6670,47,41,-1,-1,0,0
wimi,frc2062,48,45,-1,-1,0,0
wimi,frc5586,49,46,-1,-1,0,0
wimi,frc6643,50,47,-1,-1,0,0
wimi,frc2506,51,48,-1,-1,0,0
wimi,frc4804,52,50,-1,-1,0,0
wimi,frc2574,53,52,-1,-1,0,0
wimi,frc6624,54,53,-1,-1,0,0
wimi,frc6381,55,55,-1,-1,0,0
